airline,Dest,DestCityName,turnarounds,avg_turnaround_minutes,tight_turn_rate,idle_turn_rate,inbound_late_rate,delay_propagation_rate
Southwest Airlines (WN),SFO,"San Francisco, CA",625,53.7568,30.4,0.64,58.4,52.16
Frontier Airlines (F9),SFO,"San Francisco, CA",227,56.136563876651984,25.55066079295154,0.0,48.458149779735685,45.81497797356828
Spirit Airlines (NK),RSW,"Fort Myers, FL",113,64.46902654867256,6.1946902654867255,0.0,45.13274336283185,39.823008849557525
PSA Airlines (OH),AGS,"Augusta, GA",78,42.8974358974359,76.92307692307693,2.564102564102564,41.02564102564102,39.743589743589745
Allegiant Air (G4),FLL,"Fort Lauderdale, FL",296,64.69594594594595,5.405405405405405,0.6756756756756757,38.513513513513516,37.16216216216216
Spirit Airlines (NK),ORD,"Chicago, IL",297,81.58249158249158,0.6734006734006733,3.3670033670033668,40.06734006734007,36.02693602693603
Spirit Airlines (NK),LGA,"New York, NY",250,67.504,2.8000000000000003,1.2,40.400000000000006,35.6
SkyWest Airlines (OO),FWA,"Fort Wayne, IN",153,41.58169934640523,64.05228758169935,0.6535947712418301,44.44444444444444,35.294117647058826
Frontier Airlines (F9),LGA,"New York, NY",158,59.60126582278481,8.227848101265822,0.0,39.24050632911392,34.810126582278485
Spirit Airlines (NK),BOS,"Boston, MA",218,71.89908256880734,2.7522935779816518,1.834862385321101,39.44954128440367,33.48623853211009
American Airlines (AA),MFE,"Mission/McAllen/Edinburg, TX",84,52.583333333333336,48.80952380952381,2.380952380952381,34.523809523809526,33.33333333333333
Southwest Airlines (WN),ORD,"Chicago, IL",297,54.178451178451176,22.22222222222222,0.0,34.68013468013468,32.996632996633
Alaska Airlines (AS),SFO,"San Francisco, CA",509,89.41257367387034,1.9646365422396856,5.697445972495088,43.222003929273086,31.630648330058943
Spirit Airlines (NK),PHL,"Philadelphia, PA",127,97.01574803149606,4.724409448818897,10.236220472440944,38.582677165354326,31.496062992125985
Spirit Airlines (NK),MSY,"New Orleans, LA",99,106.82828282828282,2.0202020202020203,14.14141414141414,34.34343434343434,30.303030303030305
Spirit Airlines (NK),CLT,"Charlotte, NC",189,70.98412698412699,3.1746031746031744,2.1164021164021163,31.746031746031743,29.629629629629626
Spirit Airlines (NK),ATL,"Atlanta, GA",333,77.93993993993993,0.3003003003003003,3.003003003003003,35.73573573573574,29.429429429429426
Frontier Airlines (F9),BDL,"Hartford, CT",82,66.15853658536585,14.634146341463413,1.2195121951219512,29.268292682926827,29.268292682926827
SkyWest Airlines (OO),FNT,"Flint, MI",102,41.1764705882353,68.62745098039215,0.0,39.21568627450981,28.431372549019606
PSA Airlines (OH),HSV,"Huntsville, AL",92,44.81521739130435,61.95652173913043,0.0,28.26086956521739,28.26086956521739
Allegiant Air (G4),FNT,"Flint, MI",85,63.78823529411765,5.88235294117647,1.1764705882352942,31.76470588235294,28.235294117647058
Spirit Airlines (NK),DTW,"Detroit, MI",364,81.62912087912088,2.197802197802198,3.8461538461538463,35.714285714285715,28.021978021978022
SkyWest Airlines (OO),CHO,"Charlottesville, VA",75,45.0,56.00000000000001,0.0,33.33333333333333,28.000000000000004
Frontier Airlines (F9),FLL,"Fort Lauderdale, FL",354,64.94067796610169,5.932203389830509,1.1299435028248588,29.09604519774011,27.966101694915253
Frontier Airlines (F9),CLT,"Charlotte, NC",260,64.16538461538461,17.307692307692307,1.5384615384615385,30.76923076923077,27.692307692307693
Southwest Airlines (WN),BOS,"Boston, MA",430,56.03953488372093,18.372093023255815,0.46511627906976744,27.44186046511628,27.44186046511628
Spirit Airlines (NK),EWR,"Newark, NJ",447,89.14093959731544,0.44742729306487694,5.1454138702460845,32.662192393736014,27.293064876957494
PSA Airlines (OH),MCI,"Kansas City, MO",99,38.333333333333336,79.7979797979798,0.0,30.303030303030305,27.27272727272727
American Airlines (AA),SFO,"San Francisco, CA",576,73.81770833333333,3.125,3.6458333333333335,34.72222222222222,27.256944444444443
SkyWest Airlines (OO),PIA,"Peoria, IL",125,49.368,62.4,2.4,35.199999999999996,27.200000000000003
Spirit Airlines (NK),TPA,"Tampa, FL",164,64.34756097560975,8.536585365853659,1.2195121951219512,31.097560975609756,26.82926829268293
Envoy Air (MQ),FSD,"Sioux Falls, SD",94,38.52127659574468,84.04255319148936,0.0,30.851063829787233,26.595744680851062
PSA Airlines (OH),HPN,"White Plains, NY",158,36.79746835443038,86.07594936708861,0.6329113924050633,26.582278481012654,25.949367088607595
Envoy Air (MQ),CVG,"Cincinnati, OH",85,42.50588235294118,71.76470588235294,1.1764705882352942,25.882352941176475,25.882352941176475
PSA Airlines (OH),CHA,"Chattanooga, TN",85,43.705882352941174,69.41176470588235,1.1764705882352942,25.882352941176475,25.882352941176475
SkyWest Airlines (OO),DLH,"Duluth, MN",93,45.354838709677416,65.59139784946237,2.1505376344086025,35.483870967741936,25.806451612903224
Spirit Airlines (NK),BNA,"Nashville, TN",82,60.63414634146341,7.317073170731707,0.0,32.926829268292686,25.609756097560975
JetBlue Airways (B6),LGA,"New York, NY",247,66.50607287449392,4.048582995951417,2.0242914979757085,36.43724696356275,25.506072874493928
Southwest Airlines (WN),SAN,"San Diego, CA",2780,57.951438848920866,25.143884892086334,0.7194244604316548,30.575539568345324,25.503597122302157
Spirit Airlines (NK),BWI,"Baltimore, MD",107,94.91588785046729,1.8691588785046727,6.5420560747663545,26.168224299065418,25.233644859813083
SkyWest Airlines (OO),SFO,"San Francisco, CA",2302,61.69200695047785,48.39270199826238,3.431798436142485,45.65595134665508,25.065160729800173
Allegiant Air (G4),JAX,"Jacksonville, FL",92,47.30434782608695,38.04347826086957,0.0,33.69565217391305,25.0
Southwest Airlines (WN),TUS,"Tucson, AZ",277,47.44404332129964,49.09747292418773,0.0,26.353790613718413,24.90974729241877
SkyWest Airlines (OO),RDD,"Redding, CA",81,47.95061728395062,61.72839506172839,0.0,30.864197530864196,24.691358024691358
SkyWest Airlines (OO),SBN,"South Bend, IN",240,48.9625,55.41666666666667,0.8333333333333334,30.0,24.583333333333332
Southwest Airlines (WN),LGA,"New York, NY",731,53.38030095759234,26.12859097127223,0.27359781121751026,26.402188782489738,24.48700410396717
Delta Air Lines (DL),SFO,"San Francisco, CA",827,81.1354292623942,4.957678355501813,5.92503022974607,39.29866989117291,24.425634824667473
Frontier Airlines (F9),BWI,"Baltimore, MD",303,67.66336633663366,8.91089108910891,1.3201320132013201,26.732673267326735,24.422442244224424
Allegiant Air (G4),MYR,"Myrtle Beach, SC",78,51.07692307692308,25.64102564102564,0.0,28.205128205128204,24.358974358974358
PSA Airlines (OH),MSN,"Madison, WI",103,35.85436893203884,87.37864077669903,0.0,25.24271844660194,24.271844660194176
PSA Airlines (OH),PVD,"Providence, RI",92,38.78260869565217,75.0,0.0,26.08695652173913,23.91304347826087
Southwest Airlines (WN),BOI,"Boise, ID",247,45.92307692307692,42.91497975708502,0.0,23.88663967611336,23.88663967611336
SkyWest Airlines (OO),MBS,"Saginaw/Bay City/Midland, MI",88,51.92045454545455,61.36363636363637,2.272727272727273,36.36363636363637,23.863636363636363
Southwest Airlines (WN),LAX,"Los Angeles, CA",1675,57.52358208955224,25.19402985074627,0.5970149253731344,26.56716417910448,23.761194029850746
SkyWest Airlines (OO),CAK,"Akron, OH",76,46.13157894736842,60.526315789473685,2.631578947368421,36.84210526315789,23.684210526315788
Spirit Airlines (NK),MIA,"Miami, FL",262,75.87022900763358,2.2900763358778624,0.7633587786259541,29.389312977099237,23.66412213740458
Envoy Air (MQ),IAH,"Houston, TX",115,42.582608695652176,75.65217391304347,0.8695652173913043,26.08695652173913,23.47826086956522
PSA Airlines (OH),ORF,"Norfolk, VA",115,42.19130434782609,77.39130434782608,0.8695652173913043,26.08695652173913,23.47826086956522
American Airlines (AA),MEM,"Memphis, TN",133,56.06015037593985,18.796992481203006,0.7518796992481203,27.06766917293233,23.308270676691727
Frontier Airlines (F9),SAN,"San Diego, CA",103,57.87378640776699,15.53398058252427,0.0,29.126213592233007,23.300970873786408
Allegiant Air (G4),SYR,"Syracuse, NY",86,60.33720930232558,5.813953488372093,1.1627906976744187,23.25581395348837,23.25581395348837
PSA Airlines (OH),ILM,"Wilmington, NC",78,36.833333333333336,80.76923076923077,0.0,23.076923076923077,23.076923076923077
Spirit Airlines (NK),FLL,"Fort Lauderdale, FL",989,243.92517694641052,0.20222446916076847,37.108190091001006,31.648129423660265,23.053589484327603
American Airlines (AA),BDL,"Hartford, CT",175,58.84571428571429,17.142857142857142,1.1428571428571428,24.571428571428573,22.857142857142858
PSA Airlines (OH),CAK,"Akron, OH",105,40.94285714285714,73.33333333333333,0.9523809523809524,26.666666666666668,22.857142857142858
PSA Airlines (OH),BNA,"Nashville, TN",114,38.90350877192982,82.45614035087719,0.0,23.684210526315788,22.807017543859647
PSA Airlines (OH),LFT,"Lafayette, LA",84,41.285714285714285,76.19047619047619,0.0,22.61904761904762,22.61904761904762
Southwest Airlines (WN),MIA,"Miami, FL",372,53.865591397849464,22.849462365591396,0.2688172043010753,23.387096774193548,22.58064516129032
Spirit Airlines (NK),SJU,"San Juan, PR",224,70.375,0.8928571428571428,2.6785714285714284,27.232142857142854,22.321428571428573
Frontier Airlines (F9),IAH,"Houston, TX",319,65.0282131661442,8.463949843260188,0.3134796238244514,23.824451410658305,22.25705329153605
PSA Airlines (OH),RDU,"Raleigh/Durham, NC",104,43.40384615384615,65.38461538461539,0.0,22.115384615384613,22.115384615384613
Southwest Airlines (WN),PSP,"Palm Springs, CA",199,44.28140703517588,54.2713567839196,0.0,23.618090452261306,22.110552763819097
Southwest Airlines (WN),ELP,"El Paso, TX",487,46.37371663244353,49.07597535934292,0.0,24.64065708418891,21.971252566735114
Southwest Airlines (WN),SLC,"Salt Lake City, UT",658,50.33738601823708,34.650455927051674,0.0,24.316109422492403,21.88449848024316
SkyWest Airlines (OO),MLI,"Moline, IL",128,62.0,51.5625,3.90625,36.71875,21.875
SkyWest Airlines (OO),CVG,"Cincinnati, OH",96,47.854166666666664,60.416666666666664,1.0416666666666665,33.33333333333333,21.875
SkyWest Airlines (OO),MEM,"Memphis, TN",229,50.275109170305676,57.20524017467249,2.1834061135371177,25.327510917030565,21.83406113537118
Frontier Airlines (F9),SJU,"San Juan, PR",188,100.38829787234043,0.5319148936170213,10.106382978723403,30.319148936170215,21.808510638297875
American Airlines (AA),FLL,"Fort Lauderdale, FL",523,62.636711281070745,8.98661567877629,0.9560229445506693,22.94455066921606,21.79732313575526
SkyWest Airlines (OO),ACV,"Arcata/Eureka, CA",129,53.97674418604651,44.18604651162791,0.7751937984496124,25.581395348837212,21.705426356589147
American Airlines (AA),BUF,"Buffalo, NY",106,50.679245283018865,36.79245283018868,0.0,23.58490566037736,21.69811320754717
JetBlue Airways (B6),PBI,"West Palm Beach/Palm Beach, FL",733,75.88267394270123,3.4106412005457027,2.592087312414734,27.421555252387446,21.69167803547067
American Airlines (AA),CLE,"Cleveland, OH",199,59.8643216080402,19.09547738693467,0.5025125628140703,23.618090452261306,21.608040201005025
Southwest Airlines (WN),SEA,"Seattle, WA",389,57.52956298200514,13.881748071979436,0.5141388174807198,22.87917737789203,21.59383033419023
PSA Airlines (OH),CLE,"Cleveland, OH",186,37.17741935483871,83.87096774193549,0.0,23.655913978494624,21.50537634408602
PSA Airlines (OH),PNS,"Pensacola, FL",112,40.767857142857146,83.03571428571429,0.8928571428571428,22.321428571428573,21.428571428571427
Envoy Air (MQ),CMH,"Columbus, OH",98,48.0,60.204081632653065,2.0408163265306123,22.448979591836736,21.428571428571427
Southwest Airlines (WN),JAX,"Jacksonville, FL",257,52.540856031128406,32.295719844357976,0.7782101167315175,23.73540856031128,21.40077821011673
Frontier Airlines (F9),ORD,"Chicago, IL",197,93.51776649746193,0.5076142131979695,8.121827411167512,31.472081218274113,21.31979695431472
Southwest Airlines (WN),ISP,"Islip, NY",122,47.549180327868854,35.24590163934426,0.0,24.59016393442623,21.311475409836063
SkyWest Airlines (OO),MKE,"Milwaukee, WI",416,49.82211538461539,57.21153846153846,1.6826923076923077,27.403846153846157,21.153846153846153
JetBlue Airways (B6),BDL,"Hartford, CT",204,62.838235294117645,4.411764705882353,0.49019607843137253,23.52941176470588,21.07843137254902
PSA Airlines (OH),CHS,"Charleston, SC",114,38.85964912280702,72.80701754385966,0.0,22.807017543859647,21.052631578947366
Southwest Airlines (WN),RIC,"Richmond, VA",114,52.026315789473685,26.31578947368421,0.0,21.929824561403507,21.052631578947366
United Airlines (UA),SBA,"Santa Barbara, CA",114,96.67543859649123,0.8771929824561403,8.771929824561402,25.438596491228072,21.052631578947366
Frontier Airlines (F9),BOS,"Boston, MA",76,68.52631578947368,3.9473684210526314,0.0,23.684210526315788,21.052631578947366
American Airlines (AA),ORF,"Norfolk, VA",176,59.26136363636363,15.340909090909092,1.7045454545454544,22.727272727272727,21.022727272727273
Spirit Airlines (NK),LAX,"Los Angeles, CA",119,73.53781512605042,0.0,0.0,25.210084033613445,21.008403361344538
Alaska Airlines (AS),BOS,"Boston, MA",81,71.81481481481481,0.0,1.2345679012345678,22.22222222222222,20.98765432098765
Republic Airways (YX),BDL,"Hartford, CT",81,48.82716049382716,55.55555555555556,0.0,24.691358024691358,20.98765432098765
PSA Airlines (OH),MEM,"Memphis, TN",129,40.775193798449614,75.96899224806202,0.7751937984496124,22.48062015503876,20.930232558139537
Frontier Airlines (F9),ATL,"Atlanta, GA",1411,110.03756201275691,1.559177888022679,9.000708717221828,30.333097094259394,20.90715804394047
American Airlines (AA),MCO,"Orlando, FL",1196,62.9180602006689,5.183946488294314,0.08361204013377926,23.494983277591974,20.903010033444815
JetBlue Airways (B6),CHS,"Charleston, SC",134,67.42537313432835,5.970149253731343,2.2388059701492535,22.388059701492537,20.8955223880597
American Airlines (AA),SRQ,"Sarasota/Bradenton, FL",101,58.04950495049505,22.772277227722775,1.9801980198019802,21.782178217821784,20.792079207920793
JetBlue Airways (B6),HPN,"White Plains, NY",260,61.988461538461536,6.538461538461539,0.0,24.615384615384617,20.76923076923077
PSA Airlines (OH),ECP,"Panama City, FL",87,43.11494252873563,74.71264367816092,1.1494252873563218,21.839080459770116,20.689655172413794
SkyWest Airlines (OO),CHA,"Chattanooga, TN",87,69.93103448275862,48.275862068965516,3.4482758620689653,29.88505747126437,20.689655172413794
American Airlines (AA),ATL,"Atlanta, GA",355,58.89859154929577,15.211267605633802,0.8450704225352111,23.380281690140844,20.56338028169014
American Airlines (AA),ABQ,"Albuquerque, NM",117,53.14529914529915,23.931623931623932,0.0,23.076923076923077,20.51282051282051
Envoy Air (MQ),VPS,"Valparaiso, FL",78,39.98717948717949,87.17948717948718,1.282051282051282,20.51282051282051,20.51282051282051
SkyWest Airlines (OO),STL,"St. Louis, MO",157,47.859872611464965,57.324840764331206,0.6369426751592357,25.477707006369428,20.382165605095544
PSA Airlines (OH),MHT,"Manchester, NH",108,43.166666666666664,71.29629629629629,0.9259259259259258,21.296296296296298,20.37037037037037
Southwest Airlines (WN),RDU,"Raleigh/Durham, NC",493,50.7789046653144,32.657200811359026,0.2028397565922921,21.29817444219067,20.28397565922921
Allegiant Air (G4),FSD,"Sioux Falls, SD",84,53.69047619047619,17.857142857142858,0.0,22.61904761904762,20.238095238095237
SkyWest Airlines (OO),CRP,"Corpus Christi, TX",89,44.235955056179776,75.28089887640449,3.3707865168539324,23.595505617977526,20.224719101123593
American Airlines (AA),IAH,"Houston, TX",376,57.49202127659574,17.287234042553195,0.26595744680851063,22.606382978723406,20.212765957446805
Spirit Airlines (NK),IAH,"Houston, TX",218,110.9770642201835,0.45871559633027525,9.174311926605505,29.357798165137616,20.18348623853211
PSA Airlines (OH),JAN,"Jackson/Vicksburg, MS",109,39.330275229357795,77.98165137614679,0.0,23.853211009174313,20.18348623853211
American Airlines (AA),TUS,"Tucson, AZ",114,62.833333333333336,16.666666666666664,2.631578947368421,20.175438596491226,20.175438596491226
Envoy Air (MQ),BOS,"Boston, MA",114,45.03508771929825,66.66666666666666,0.0,22.807017543859647,20.175438596491226
Frontier Airlines (F9),PHL,"Philadelphia, PA",563,99.1563055062167,1.0657193605683837,8.52575488454707,26.465364120781526,20.071047957371228
SkyWest Airlines (OO),ATW,"Appleton, WI",240,50.36666666666667,51.66666666666667,0.8333333333333334,27.500000000000004,20.0
SkyWest Airlines (OO),GRB,"Green Bay, WI",200,47.355,52.0,0.5,26.5,20.0
Envoy Air (MQ),RIC,"Richmond, VA",110,42.027272727272724,66.36363636363637,0.0,21.818181818181817,20.0
American Airlines (AA),SAV,"Savannah, GA",105,52.333333333333336,21.904761904761905,0.0,20.952380952380953,20.0
Allegiant Air (G4),ABE,"Allentown/Bethlehem/Easton, PA",90,56.766666666666666,11.11111111111111,2.2222222222222223,20.0,20.0
JetBlue Airways (B6),PVD,"Providence, RI",75,63.36,4.0,0.0,24.0,20.0
Southwest Airlines (WN),DCA,"Washington, DC",1008,53.7281746031746,26.785714285714285,0.0992063492063492,21.428571428571427,19.940476190476193
American Airlines (AA),GRR,"Grand Rapids, MI",136,55.60294117647059,33.82352941176471,1.4705882352941175,25.0,19.852941176470587
American Airlines (AA),BNA,"Nashville, TN",489,61.37832310838446,15.950920245398773,1.0224948875255624,23.31288343558282,19.836400817995912
Southwest Airlines (WN),EUG,"Eugene, OR",106,52.735849056603776,45.28301886792453,0.9433962264150944,21.69811320754717,19.81132075471698
Envoy Air (MQ),DTW,"Detroit, MI",91,41.494505494505496,70.32967032967034,1.098901098901099,20.87912087912088,19.78021978021978
Frontier Airlines (F9),BUF,"Buffalo, NY",81,54.19753086419753,25.925925925925924,0.0,24.691358024691358,19.753086419753085
Southwest Airlines (WN),CHS,"Charleston, SC",233,49.772532188841204,34.763948497854074,0.0,21.45922746781116,19.742489270386265
Southwest Airlines (WN),PWM,"Portland, ME",76,48.88157894736842,36.84210526315789,0.0,19.736842105263158,19.736842105263158
Southwest Airlines (WN),SJU,"San Juan, PR",208,60.60576923076923,5.288461538461538,0.4807692307692308,20.673076923076923,19.71153846153846
Southwest Airlines (WN),DTW,"Detroit, MI",239,51.29707112970711,33.89121338912134,0.0,22.594142259414227,19.665271966527197
SkyWest Airlines (OO),ICT,"Wichita, KS",219,44.278538812785385,65.29680365296804,0.91324200913242,25.570776255707763,19.63470319634703
Frontier Airlines (F9),MIA,"Miami, FL",261,97.72030651340997,0.38314176245210724,6.513409961685824,23.754789272030653,19.54022988505747
American Airlines (AA),FAT,"Fresno, CA",118,56.76271186440678,18.64406779661017,0.0,23.728813559322035,19.491525423728813
Southwest Airlines (WN),PDX,"Portland, OR",453,54.57836644591612,18.101545253863137,0.0,20.750551876379692,19.426048565121413
PSA Airlines (OH),CMH,"Columbus, OH",139,48.13669064748201,63.30935251798561,1.4388489208633095,22.302158273381295,19.424460431654676
American Airlines (AA),BOS,"Boston, MA",798,63.81954887218045,9.022556390977442,0.37593984962406013,23.684210526315788,19.423558897243108
Alaska Airlines (AS),ITO,"Hilo, HI",345,34.51304347826087,90.72463768115942,0.0,22.608695652173914,19.420289855072465
Southwest Airlines (WN),ICT,"Wichita, KS",98,43.61224489795919,63.26530612244898,0.0,24.489795918367346,19.387755102040817
Southwest Airlines (WN),FLL,"Fort Lauderdale, FL",708,53.48022598870057,19.915254237288135,0.14124293785310735,20.33898305084746,19.350282485875706
Envoy Air (MQ),HPN,"White Plains, NY",83,45.566265060240966,60.24096385542169,0.0,20.481927710843372,19.27710843373494
Southwest Airlines (WN),RNO,"Reno, NV",488,50.09016393442623,42.82786885245902,0.4098360655737705,20.081967213114755,19.262295081967213
PSA Airlines (OH),SAV,"Savannah, GA",161,43.590062111801245,73.29192546583852,1.2422360248447204,19.875776397515526,19.25465838509317
PSA Airlines (OH),MYR,"Myrtle Beach, SC",120,37.5,82.5,0.8333333333333334,20.833333333333336,19.166666666666668
Envoy Air (MQ),MEM,"Memphis, TN",94,39.54255319148936,77.6595744680851,0.0,19.148936170212767,19.148936170212767
Spirit Airlines (NK),DFW,"Dallas/Fort Worth, TX",189,129.17460317460316,0.0,12.698412698412698,30.158730158730158,19.047619047619047
Envoy Air (MQ),MCI,"Kansas City, MO",121,44.37190082644628,69.42148760330579,1.6528925619834711,19.834710743801654,19.00826446280992
American Airlines (AA),BWI,"Baltimore, MD",158,61.177215189873415,26.582278481012654,1.2658227848101267,20.88607594936709,18.9873417721519
PSA Airlines (OH),MGM,"Montgomery, AL",79,44.63291139240506,64.55696202531645,1.2658227848101267,20.253164556962027,18.9873417721519
Delta Air Lines (DL),ORD,"Chicago, IL",511,70.33855185909981,4.892367906066536,1.1741682974559686,26.614481409001954,18.98238747553816
American Airlines (AA),RSW,"Fort Myers, FL",444,60.26126126126126,13.73873873873874,1.1261261261261262,21.17117117117117,18.91891891891892
PSA Airlines (OH),ORD,"Chicago, IL",356,67.08707865168539,23.595505617977526,0.8426966292134831,26.12359550561798,18.820224719101123
American Airlines (AA),LGA,"New York, NY",947,71.46040126715945,2.6399155227032733,1.0559662090813093,25.976768743400214,18.796198521647305
Allegiant Air (G4),AZA,"Phoenix, AZ",304,70.25986842105263,7.894736842105263,2.302631578947368,21.710526315789476,18.75
American Airlines (AA),CHS,"Charleston, SC",315,52.234920634920634,36.19047619047619,0.31746031746031744,21.58730158730159,18.73015873015873
American Airlines (AA),MCI,"Kansas City, MO",219,53.269406392694066,28.767123287671232,0.45662100456621,20.091324200913242,18.72146118721461
Republic Airways (YX),EYW,"Key West, FL",139,47.093525179856115,53.23741007194245,0.0,20.14388489208633,18.705035971223023
JetBlue Airways (B6),PHL,"Philadelphia, PA",107,64.11214953271028,7.476635514018691,0.0,20.5607476635514,18.69158878504673
Southwest Airlines (WN),ECP,"Panama City, FL",257,46.38910505836576,50.19455252918288,0.0,20.622568093385212,18.67704280155642
Envoy Air (MQ),LIT,"Little Rock, AR",102,47.705882352941174,58.82352941176471,0.0,19.607843137254903,18.627450980392158
American Airlines (AA),CMH,"Columbus, OH",172,63.08720930232558,13.372093023255813,1.1627906976744187,19.186046511627907,18.6046511627907
SkyWest Airlines (OO),ORD,"Chicago, IL",5726,76.48637792525324,32.46594481313308,5.1170101292350685,30.195599022004888,18.581907090464547
American Airlines (AA),TPA,"Tampa, FL",700,65.20714285714286,6.0,1.0,20.285714285714285,18.571428571428573
American Airlines (AA),PBI,"West Palm Beach/Palm Beach, FL",431,60.91415313225058,9.976798143851507,0.23201856148491878,20.417633410672853,18.561484918793504
PSA Airlines (OH),TYS,"Knoxville, TN",108,50.0,53.70370370370371,0.9259259259259258,22.22222222222222,18.51851851851852
Envoy Air (MQ),ECP,"Panama City, FL",81,42.20987654320987,74.07407407407408,1.2345679012345678,19.753086419753085,18.51851851851852
Allegiant Air (G4),PIE,"St. Petersburg, FL",481,60.25987525987526,17.04781704781705,1.0395010395010396,22.86902286902287,18.503118503118504
Republic Airways (YX),BUF,"Buffalo, NY",173,46.554913294797686,57.80346820809249,0.5780346820809248,20.809248554913296,18.497109826589593
Delta Air Lines (DL),DCA,"Washington, DC",542,67.91697416974169,4.243542435424354,0.9225092250922509,24.723247232472325,18.45018450184502
American Airlines (AA),RDU,"Raleigh/Durham, NC",461,57.9761388286334,15.40130151843818,0.43383947939262474,20.824295010845987,18.43817787418655
American Airlines (AA),MSY,"New Orleans, LA",456,57.30921052631579,18.201754385964914,0.21929824561403508,19.956140350877195,18.421052631578945
Spirit Airlines (NK),MCO,"Orlando, FL",1000,122.626,0.8999999999999999,13.200000000000001,26.6,18.4
SkyWest Airlines (OO),LNK,"Lincoln, NE",136,55.3235294117647,45.588235294117645,2.941176470588235,31.61764705882353,18.38235294117647
SkyWest Airlines (OO),MSN,"Madison, WI",196,46.724489795918366,61.224489795918366,1.530612244897959,21.93877551020408,18.367346938775512
Southwest Airlines (WN),LAS,"Las Vegas, NV",6619,59.68424233267865,21.3929596615803,0.7705091403535277,21.317419549780933,18.341139144885936
American Airlines (AA),ILM,"Wilmington, NC",82,57.19512195121951,20.73170731707317,1.2195121951219512,20.73170731707317,18.29268292682927
Delta Air Lines (DL),OMA,"Omaha, NE",82,55.0,14.634146341463413,0.0,19.51219512195122,18.29268292682927
Southwest Airlines (WN),MEM,"Memphis, TN",257,48.206225680933855,42.80155642023346,0.38910505836575876,19.844357976653697,18.28793774319066
JetBlue Airways (B6),FLL,"Fort Lauderdale, FL",1493,183.49095780308105,0.5358338914936369,24.112525117213664,25.452109845947756,18.285331547220363
JetBlue Airways (B6),DCA,"Washington, DC",384,73.2109375,7.03125,2.604166666666667,26.041666666666668,18.229166666666664
Southwest Airlines (WN),ROC,"Rochester, NY",121,47.03305785123967,47.93388429752066,0.0,18.181818181818183,18.181818181818183
SkyWest Airlines (OO),CID,"Cedar Rapids/Iowa City, IA",182,49.70879120879121,58.791208791208796,1.6483516483516485,21.428571428571427,18.13186813186813
American Airlines (AA),SDF,"Louisville, KY",127,61.196850393700785,23.62204724409449,1.574803149606299,18.89763779527559,18.11023622047244
PSA Airlines (OH),BTR,"Baton Rouge, LA",133,40.233082706766915,79.69924812030075,0.7518796992481203,20.30075187969925,18.045112781954884
Southwest Airlines (WN),AUS,"Austin, TX",2731,53.755400952032225,27.499084584401317,0.43939948736726475,19.48004393994874,18.015378982057854
American Airlines (AA),OKC,"Oklahoma City, OK",100,51.78,37.0,0.0,26.0,18.0
SkyWest Airlines (OO),MFE,"Mission/McAllen/Edinburg, TX",89,47.168539325842694,55.0561797752809,0.0,23.595505617977526,17.97752808988764
Envoy Air (MQ),PIA,"Peoria, IL",78,41.92307692307692,82.05128205128204,0.0,19.230769230769234,17.94871794871795
Envoy Air (MQ),ROC,"Rochester, NY",78,44.07692307692308,74.35897435897436,2.564102564102564,17.94871794871795,17.94871794871795
Frontier Airlines (F9),RDU,"Raleigh/Durham, NC",340,59.688235294117646,18.823529411764707,0.8823529411764706,22.647058823529413,17.941176470588236
Southwest Airlines (WN),DAL,"Dallas, TX",4953,57.85786392085605,20.775287704421565,0.7672117908338381,20.048455481526346,17.928528164748634
Southwest Airlines (WN),ABQ,"Albuquerque, NM",665,47.470676691729324,46.015037593984964,0.4511278195488722,19.548872180451127,17.894736842105264
American Airlines (AA),AUS,"Austin, TX",576,63.854166666666664,17.881944444444446,1.3888888888888888,25.0,17.881944444444446
PSA Airlines (OH),BTV,"Burlington, VT",112,47.74107142857143,71.42857142857143,3.571428571428571,19.642857142857142,17.857142857142858
Delta Air Lines (DL),BOS,"Boston, MA",1362,74.56387665198238,1.3950073421439062,0.7342143906020557,21.58590308370044,17.841409691629956
Spirit Airlines (NK),MYR,"Myrtle Beach, SC",157,86.37579617834395,3.1847133757961785,6.369426751592357,24.840764331210192,17.8343949044586
American Airlines (AA),RIC,"Richmond, VA",191,60.39267015706806,15.706806282722512,0.5235602094240838,20.94240837696335,17.801047120418847
American Airlines (AA),PDX,"Portland, OR",214,79.18691588785046,5.14018691588785,4.205607476635514,21.962616822429908,17.75700934579439
American Airlines (AA),TUL,"Tulsa, OK",107,55.00934579439252,37.38317757009346,1.8691588785046727,21.49532710280374,17.75700934579439
SkyWest Airlines (OO),SGF,"Springfield, MO",130,47.59230769230769,60.0,0.7692307692307693,21.53846153846154,17.692307692307693
Southwest Airlines (WN),ONT,"Ontario, CA",769,50.50975292587776,39.401820546163854,0.0,20.54616384915475,17.6853055916775
SkyWest Airlines (OO),MOT,"Minot, ND",85,47.917647058823526,42.35294117647059,0.0,20.0,17.647058823529413
Frontier Airlines (F9),RSW,"Fort Myers, FL",142,61.78169014084507,12.676056338028168,0.0,19.718309859154928,17.6056338028169
Envoy Air (MQ),AMA,"Amarillo, TX",91,39.75824175824176,78.02197802197803,1.098901098901099,18.681318681318682,17.582417582417584
Southwest Airlines (WN),SJC,"San Jose, CA",1743,50.215720022948936,38.55421686746988,0.11474469305794606,19.908204245553645,17.555938037865747
JetBlue Airways (B6),ISP,"Islip, NY",114,57.78947368421053,14.035087719298245,0.0,21.929824561403507,17.543859649122805
Delta Air Lines (DL),PBI,"West Palm Beach/Palm Beach, FL",497,75.69014084507042,1.2072434607645874,1.2072434607645874,19.718309859154928,17.50503018108652
American Airlines (AA),PIT,"Pittsburgh, PA",343,56.23906705539358,19.24198250728863,0.5830903790087464,19.533527696793,17.49271137026239
Delta Air Lines (DL),DAY,"Dayton, OH",86,48.91860465116279,37.2093023255814,1.1627906976744187,18.6046511627907,17.441860465116278
SkyWest Airlines (OO),BTV,"Burlington, VT",86,49.883720930232556,51.162790697674424,2.3255813953488373,19.767441860465116,17.441860465116278
Allegiant Air (G4),VPS,"Valparaiso, FL",132,60.10606060606061,4.545454545454546,0.0,18.181818181818183,17.424242424242426
Southwest Airlines (WN),PHX,"Phoenix, AZ",5036,61.47180301826847,18.92374900714853,1.1914217633042097,20.313741064336774,17.37490071485306
Southwest Airlines (WN),CLT,"Charlotte, NC",167,56.81437125748503,20.35928143712575,0.5988023952095809,17.964071856287426,17.365269461077844
Envoy Air (MQ),RAP,"Rapid City, SD",75,40.733333333333334,76.0,0.0,18.666666666666668,17.333333333333336
American Airlines (AA),JAX,"Jacksonville, FL",352,53.72443181818182,19.886363636363637,0.0,18.75,17.329545454545457
SkyWest Airlines (OO),SNA,"Santa Ana, CA",377,51.217506631299734,56.233421750663126,0.5305039787798408,21.485411140583555,17.24137931034483
Allegiant Air (G4),SBN,"South Bend, IN",93,53.02150537634409,25.806451612903224,0.0,20.43010752688172,17.20430107526882
SkyWest Airlines (OO),BHM,"Birmingham, AL",99,51.35353535353536,48.484848484848484,1.0101010101010102,20.2020202020202,17.17171717171717
SkyWest Airlines (OO),ELP,"El Paso, TX",105,42.19047619047619,81.9047619047619,0.9523809523809524,17.142857142857142,17.142857142857142
United Airlines (UA),PSP,"Palm Springs, CA",181,83.77348066298343,3.867403314917127,3.314917127071823,23.204419889502763,17.12707182320442
Southwest Airlines (WN),FAT,"Fresno, CA",111,56.054054054054056,36.03603603603604,0.9009009009009009,18.01801801801802,17.117117117117118
Southwest Airlines (WN),HRL,"Harlingen/San Benito, TX",111,50.34234234234234,37.83783783783784,1.8018018018018018,18.01801801801802,17.117117117117118
Frontier Airlines (F9),DTW,"Detroit, MI",228,62.021929824561404,14.035087719298245,0.8771929824561403,19.298245614035086,17.105263157894736
American Airlines (AA),STL,"St. Louis, MO",310,54.39032258064516,25.806451612903224,0.3225806451612903,20.0,17.096774193548388
United Airlines (UA),BUR,"Burbank, CA",164,92.6890243902439,3.6585365853658534,1.8292682926829267,24.390243902439025,17.073170731707318
American Airlines (AA),SJC,"San Jose, CA",82,56.63414634146341,20.73170731707317,0.0,17.073170731707318,17.073170731707318
American Airlines (AA),OMA,"Omaha, NE",141,52.290780141843975,33.33333333333333,0.7092198581560284,20.56737588652482,17.02127659574468
Allegiant Air (G4),SRQ,"Sarasota/Bradenton, FL",224,57.42857142857143,12.053571428571429,0.4464285714285714,18.75,16.964285714285715
Southwest Airlines (WN),SAT,"San Antonio, TX",961,50.29864724245577,38.81373569198751,0.20811654526534862,17.793964620187307,16.96149843912591
JetBlue Airways (B6),TPA,"Tampa, FL",307,132.35830618892507,2.6058631921824107,14.006514657980457,20.521172638436482,16.938110749185668
American Airlines (AA),RNO,"Reno, NV",124,52.983870967741936,28.225806451612907,0.8064516129032258,19.35483870967742,16.93548387096774
Southwest Airlines (WN),SAV,"Savannah, GA",207,48.55072463768116,45.410628019323674,0.0,17.874396135265698,16.908212560386474
American Airlines (AA),SLC,"Salt Lake City, UT",213,61.582159624413144,9.389671361502346,0.9389671361502347,23.943661971830984,16.901408450704224
Southwest Airlines (WN),MSY,"New Orleans, LA",1202,51.18552412645591,31.281198003327788,0.16638935108153077,18.63560732113145,16.888519134775372
Envoy Air (MQ),CMI,"Champaign/Urbana, IL",83,41.81927710843374,74.69879518072288,0.0,16.867469879518072,16.867469879518072
Southwest Airlines (WN),OMA,"Omaha, NE",457,49.38512035010941,43.32603938730853,0.0,18.161925601750546,16.849015317286653
Southwest Airlines (WN),BNA,"Nashville, TN",4878,57.25338253382534,21.60721607216072,0.4100041000410004,19.86469864698647,16.81016810168102
American Airlines (AA),IND,"Indianapolis, IN",435,59.719540229885055,23.678160919540232,1.1494252873563218,21.149425287356323,16.7816091954023
Southwest Airlines (WN),OKC,"Oklahoma City, OK",400,47.55,46.0,0.0,19.25,16.75
Southwest Airlines (WN),MKE,"Milwaukee, WI",568,47.559859154929576,47.359154929577464,0.17605633802816903,18.485915492957748,16.725352112676056
Southwest Airlines (WN),OAK,"Oakland, CA",1830,57.84699453551912,24.59016393442623,0.7650273224043715,19.01639344262295,16.721311475409838
Southwest Airlines (WN),LGB,"Long Beach, CA",768,45.522135416666664,55.46875,0.0,17.838541666666664,16.666666666666664
American Airlines (AA),PSP,"Palm Springs, CA",144,59.24305555555556,13.88888888888889,0.0,20.833333333333336,16.666666666666664
SkyWest Airlines (OO),BFL,"Bakersfield, CA",144,40.65972222222222,84.72222222222221,0.6944444444444444,22.916666666666664,16.666666666666664
Frontier Airlines (F9),MSY,"New Orleans, LA",102,56.92156862745098,15.686274509803921,0.0,18.627450980392158,16.666666666666664
SkyWest Airlines (OO),AVL,"Asheville, NC",78,51.57692307692308,51.28205128205128,2.564102564102564,23.076923076923077,16.666666666666664
American Airlines (AA),ORD,"Chicago, IL",4102,77.78717698683569,5.631399317406143,2.1696733300828863,21.916138469039492,16.552901023890783
Southwest Airlines (WN),CMH,"Columbus, OH",719,48.78303198887343,41.1682892906815,0.13908205841446453,17.941585535465926,16.550764951321277
Southwest Airlines (WN),DEN,"Denver, CO",6382,65.08947038545911,11.219053588216859,1.065496709495456,20.197430272641807,16.530868066436856
Envoy Air (MQ),BMI,"Bloomington/Normal, IL",85,40.50588235294118,76.47058823529412,1.1764705882352942,17.647058823529413,16.470588235294116
Envoy Air (MQ),BWI,"Baltimore, MD",85,42.95294117647059,72.94117647058823,0.0,17.647058823529413,16.470588235294116
SkyWest Airlines (OO),SHV,"Shreveport, LA",146,39.87671232876713,73.28767123287672,0.0,19.863013698630137,16.43835616438356
Southwest Airlines (WN),PHL,"Philadelphia, PA",262,57.17175572519084,18.3206106870229,0.38167938931297707,17.557251908396946,16.412213740458014
Delta Air Lines (DL),MIA,"Miami, FL",744,90.9758064516129,0.9408602150537635,4.704301075268817,19.892473118279568,16.397849462365592
Alaska Airlines (AS),OGG,"Kahului, HI",1080,61.528703703703705,48.7962962962963,1.1111111111111112,20.27777777777778,16.38888888888889
Frontier Airlines (F9),AUS,"Austin, TX",116,62.55172413793103,15.517241379310345,0.0,19.82758620689655,16.379310344827587
Allegiant Air (G4),SNA,"Santa Ana, CA",104,53.61538461538461,25.0,0.0,17.307692307692307,16.346153846153847
Allegiant Air (G4),BLV,"Belleville, IL",98,52.52040816326531,18.367346938775512,0.0,19.387755102040817,16.3265306122449
American Airlines (AA),SAT,"San Antonio, TX",288,64.87152777777777,12.847222222222221,0.6944444444444444,19.791666666666664,16.319444444444446
Allegiant Air (G4),MDT,"Harrisburg, PA",92,54.33695652173913,16.304347826086957,0.0,17.391304347826086,16.304347826086957
American Airlines (AA),SAN,"San Diego, CA",553,81.22603978300181,3.9783001808318263,6.6907775768535265,24.412296564195298,16.2748643761302
SkyWest Airlines (OO),IND,"Indianapolis, IN",203,45.52709359605911,51.724137931034484,0.0,26.60098522167488,16.25615763546798
PSA Airlines (OH),DCA,"Washington, DC",3072,70.98372395833333,31.510416666666668,4.00390625,23.470052083333336,16.178385416666664
PSA Airlines (OH),CVG,"Cincinnati, OH",149,49.83221476510067,55.70469798657718,1.342281879194631,16.778523489932887,16.10738255033557
American Airlines (AA),MSN,"Madison, WI",118,56.09322033898305,39.83050847457627,1.694915254237288,18.64406779661017,16.101694915254235
Southwest Airlines (WN),BUF,"Buffalo, NY",323,51.31269349845201,29.721362229102166,0.0,17.3374613003096,16.09907120743034
American Airlines (AA),TYS,"Knoxville, TN",87,55.94252873563219,16.091954022988507,0.0,20.689655172413794,16.091954022988507
United Airlines (UA),LGA,"New York, NY",529,78.94139886578449,2.4574669187145557,1.890359168241966,21.550094517958414,16.068052930056712
Frontier Airlines (F9),JFK,"New York, NY",81,73.96296296296296,1.2345679012345678,0.0,18.51851851851852,16.049382716049383
American Airlines (AA),MDT,"Harrisburg, PA",75,53.32,18.666666666666668,0.0,21.333333333333336,16.0
Southwest Airlines (WN),SDF,"Louisville, KY",319,50.01253918495298,39.49843260188088,0.3134796238244514,18.808777429467085,15.987460815047022
American Airlines (AA),SNA,"Santa Ana, CA",388,62.74484536082474,5.670103092783505,1.2886597938144329,18.814432989690722,15.979381443298967
Southwest Airlines (WN),MCI,"Kansas City, MO",1435,56.90034843205575,31.498257839721255,1.1149825783972125,17.630662020905923,15.958188153310104
Envoy Air (MQ),BNA,"Nashville, TN",232,39.87931034482759,75.0,0.43103448275862066,18.103448275862068,15.948275862068966
SkyWest Airlines (OO),LIT,"Little Rock, AR",245,47.10204081632653,58.77551020408164,0.0,19.591836734693878,15.918367346938775
Envoy Air (MQ),PNS,"Pensacola, FL",101,38.742574257425744,78.21782178217822,0.0,15.841584158415841,15.841584158415841
Southwest Airlines (WN),CLE,"Cleveland, OH",316,46.06645569620253,45.56962025316456,0.0,17.405063291139243,15.822784810126583
Southwest Airlines (WN),SNA,"Santa Ana, CA",923,59.70639219934995,50.487540628385695,3.14192849404117,18.0931744312026,15.81798483206934
Alaska Airlines (AS),LAS,"Las Vegas, NV",405,71.69135802469135,3.7037037037037033,0.7407407407407408,17.28395061728395,15.802469135802468
Southwest Airlines (WN),ATL,"Atlanta, GA",957,52.758620689655174,25.809822361546498,0.10449320794148381,17.13688610240334,15.778474399164056
Envoy Air (MQ),HRL,"Harlingen/San Benito, TX",89,39.08988764044944,84.26966292134831,0.0,16.853932584269664,15.730337078651685
American Airlines (AA),SJU,"San Juan, PR",337,65.07715133531157,0.5934718100890208,1.1869436201780417,16.320474777448073,15.727002967359049
PSA Airlines (OH),BHM,"Birmingham, AL",261,42.27969348659004,67.04980842911877,0.7662835249042145,19.54022988505747,15.708812260536398
American Airlines (AA),EYW,"Key West, FL",172,58.99418604651163,22.093023255813954,0.5813953488372093,15.69767441860465,15.69767441860465
American Airlines (AA),DEN,"Denver, CO",446,66.48430493273543,12.10762331838565,2.0179372197309418,19.506726457399104,15.695067264573993
Allegiant Air (G4),PGD,"Punta Gorda, FL",396,67.5909090909091,2.0202020202020203,0.7575757575757576,17.424242424242426,15.656565656565657
Alaska Airlines (AS),ORD,"Chicago, IL",160,74.63125,1.25,1.25,18.75,15.625
SkyWest Airlines (OO),GJT,"Grand Junction, CO",160,44.375,63.74999999999999,0.0,17.5,15.625
Envoy Air (MQ),MSP,"Minneapolis, MN",96,41.9375,69.79166666666666,0.0,16.666666666666664,15.625
Allegiant Air (G4),TYS,"Knoxville, TN",148,55.932432432432435,12.162162162162163,0.6756756756756757,16.216216216216218,15.54054054054054
SkyWest Airlines (OO),GRR,"Grand Rapids, MI",206,47.66990291262136,59.70873786407766,0.48543689320388345,21.35922330097087,15.53398058252427
JetBlue Airways (B6),BOS,"Boston, MA",1983,98.57892082702975,0.6555723651033787,6.757438224911749,23.701462430660616,15.481593545133638
Alaska Airlines (AS),LIH,"Lihue, HI",724,53.03176795580111,54.83425414364641,0.6906077348066298,21.823204419889503,15.469613259668508
Republic Airways (YX),MSY,"New Orleans, LA",97,68.03092783505154,43.29896907216495,3.0927835051546393,17.525773195876287,15.463917525773196
Allegiant Air (G4),SFB,"Sanford, FL",506,66.04150197628458,7.707509881422925,1.5810276679841897,19.1699604743083,15.41501976284585
Southwest Airlines (WN),HOU,"Houston, TX",3278,72.4261744966443,17.663209273947526,2.8370957901159244,20.13422818791946,15.405735204392922
Allegiant Air (G4),LAS,"Las Vegas, NV",325,66.78153846153846,12.615384615384615,2.4615384615384617,19.692307692307693,15.384615384615385
Envoy Air (MQ),HSV,"Huntsville, AL",78,43.0,67.94871794871796,0.0,15.384615384615385,15.384615384615385
Frontier Airlines (F9),IND,"Indianapolis, IN",98,59.36734693877551,10.204081632653061,0.0,15.306122448979592,15.306122448979592
Frontier Airlines (F9),SNA,"Santa Ana, CA",85,57.741176470588236,27.058823529411764,0.0,18.823529411764707,15.294117647058824
Southwest Airlines (WN),PBI,"West Palm Beach/Palm Beach, FL",177,51.51977401129943,31.07344632768362,0.0,15.819209039548024,15.254237288135593
Southwest Airlines (WN),TPA,"Tampa, FL",1706,64.46189917936694,17.819460726846426,2.813599062133646,16.529894490035172,15.240328253223915
Southwest Airlines (WN),TUL,"Tulsa, OK",283,45.49469964664311,54.416961130742045,0.35335689045936397,16.96113074204947,15.19434628975265
American Airlines (AA),STT,"Charlotte Amalie, VI",224,48.933035714285715,39.285714285714285,0.0,20.535714285714285,15.178571428571427
Southwest Airlines (WN),PIT,"Pittsburgh, PA",600,49.015,37.333333333333336,0.0,16.5,15.166666666666668
Delta Air Lines (DL),BUF,"Buffalo, NY",99,66.21212121212122,4.040404040404041,0.0,16.161616161616163,15.151515151515152
Envoy Air (MQ),DSM,"Des Moines, IA",99,41.696969696969695,79.7979797979798,2.0202020202020203,17.17171717171717,15.151515151515152
Southwest Airlines (WN),SRQ,"Sarasota/Bradenton, FL",271,52.103321033210335,28.782287822878228,0.0,16.236162361623617,15.129151291512915
Frontier Airlines (F9),DFW,"Dallas/Fort Worth, TX",609,94.02791461412151,1.8062397372742198,5.747126436781609,21.34646962233169,15.10673234811166
Southwest Airlines (WN),MCO,"Orlando, FL",3528,76.47477324263039,18.452380952380953,4.336734693877551,17.9421768707483,15.079365079365079
PSA Airlines (OH),ATL,"Atlanta, GA",219,39.94063926940639,76.71232876712328,0.45662100456621,16.43835616438356,15.068493150684931
Envoy Air (MQ),CLE,"Cleveland, OH",93,43.236559139784944,72.04301075268818,1.0752688172043012,17.20430107526882,15.053763440860216
PSA Airlines (OH),DAY,"Dayton, OH",206,38.262135922330096,79.6116504854369,0.48543689320388345,18.932038834951456,15.048543689320388
Southwest Airlines (WN),MAF,"Midland/Odessa, TX",213,43.455399061032864,62.441314553990615,0.4694835680751174,16.431924882629108,15.023474178403756
American Airlines (AA),PVD,"Providence, RI",120,53.71666666666667,39.166666666666664,0.0,19.166666666666668,15.0
Frontier Airlines (F9),EWR,"Newark, NJ",80,71.65,1.25,0.0,16.25,15.0
Frontier Airlines (F9),LAX,"Los Angeles, CA",374,71.24598930481284,2.941176470588235,0.53475935828877,18.449197860962567,14.973262032085561
American Airlines (AA),EWR,"Newark, NJ",254,68.72047244094489,6.692913385826772,1.574803149606299,18.11023622047244,14.960629921259844
Envoy Air (MQ),TUL,"Tulsa, OK",107,42.35514018691589,78.50467289719626,0.0,18.69158878504673,14.953271028037381
JetBlue Airways (B6),JAX,"Jacksonville, FL",107,61.28971962616822,6.5420560747663545,0.0,15.887850467289718,14.953271028037381
Southwest Airlines (WN),SMF,"Sacramento, CA",2152,53.549721189591075,32.853159851301115,0.23234200743494424,18.12267657992565,14.91635687732342
United Airlines (UA),CHS,"Charleston, SC",188,78.86702127659575,6.382978723404255,3.1914893617021276,20.212765957446805,14.893617021276595
SkyWest Airlines (OO),SDF,"Louisville, KY",202,49.54455445544554,58.91089108910891,1.4851485148514851,20.792079207920793,14.85148514851485
JetBlue Airways (B6),RSW,"Fort Myers, FL",371,71.33153638814017,2.6954177897574128,1.3477088948787064,17.52021563342318,14.824797843665769
Envoy Air (MQ),BHM,"Birmingham, AL",81,39.22222222222222,74.07407407407408,0.0,17.28395061728395,14.814814814814813
Republic Airways (YX),SRQ,"Sarasota/Bradenton, FL",81,45.19753086419753,64.19753086419753,0.0,16.049382716049383,14.814814814814813
Frontier Airlines (F9),TPA,"Tampa, FL",439,86.82915717539863,0.9111617312072893,5.0113895216400905,21.867881548974943,14.80637813211845
Southwest Airlines (WN),BDL,"Hartford, CT",223,51.97757847533632,26.905829596412556,0.0,15.246636771300448,14.798206278026907
SkyWest Airlines (OO),DSM,"Des Moines, IA",149,47.54362416107382,46.97986577181208,0.0,20.80536912751678,14.76510067114094
SkyWest Airlines (OO),OKC,"Oklahoma City, OK",347,58.69164265129683,43.804034582132566,1.1527377521613833,19.020172910662826,14.697406340057636
JetBlue Airways (B6),MCO,"Orlando, FL",1127,102.92280390417037,0.354924578527063,7.71960958296362,19.343389529724934,14.640638864241348
Allegiant Air (G4),BNA,"Nashville, TN",123,52.796747967479675,22.76422764227642,0.0,15.447154471544716,14.634146341463413
Allegiant Air (G4),CAK,"Akron, OH",103,51.320388349514566,33.00970873786408,0.9708737864077669,15.53398058252427,14.563106796116504
Delta Air Lines (DL),FLL,"Fort Lauderdale, FL",856,75.3785046728972,0.8177570093457943,0.46728971962616817,19.39252336448598,14.485981308411214
Frontier Airlines (F9),LAS,"Las Vegas, NV",670,89.11791044776119,3.134328358208955,5.223880597014925,24.47761194029851,14.477611940298507
Envoy Air (MQ),AVL,"Asheville, NC",76,46.026315789473685,71.05263157894737,1.3157894736842104,14.473684210526317,14.473684210526317
PSA Airlines (OH),DFW,"Dallas/Fort Worth, TX",1814,77.04796030871003,22.712238147739804,3.8588754134509373,21.775082690187432,14.44321940463065
Republic Airways (YX),LGA,"New York, NY",4255,62.912338425381904,33.16098707403055,2.6321974148061105,19.670975323149236,14.430082256169213
SkyWest Airlines (OO),SAF,"Santa Fe, NM",312,42.78525641025641,71.15384615384616,0.0,15.064102564102564,14.423076923076922
Republic Airways (YX),GSO,"Greensboro/High Point, NC",125,51.552,36.0,0.0,16.0,14.399999999999999
Southwest Airlines (WN),GEG,"Spokane, WA",167,49.41916167664671,29.94011976047904,0.0,14.97005988023952,14.37125748502994
Southwest Airlines (WN),IND,"Indianapolis, IN",801,50.78776529338327,36.95380774032459,0.12484394506866417,14.981273408239701,14.357053682896378
American Airlines (AA),LAS,"Las Vegas, NV",852,74.09037558685446,3.286384976525822,3.9906103286384975,21.36150234741784,14.319248826291082
Allegiant Air (G4),CVG,"Cincinnati, OH",140,58.357142857142854,9.285714285714286,0.7142857142857143,16.428571428571427,14.285714285714285
Republic Airways (YX),HHH,"Hilton Head, SC",126,53.82539682539682,52.38095238095239,3.1746031746031744,20.634920634920633,14.285714285714285
SkyWest Airlines (OO),MRY,"Monterey, CA",253,46.616600790513836,57.31225296442688,0.3952569169960474,16.99604743083004,14.229249011857709
Southwest Airlines (WN),PVD,"Providence, RI",296,50.12837837837838,37.16216216216216,0.33783783783783783,14.527027027027026,14.18918918918919
Frontier Airlines (F9),ONT,"Ontario, CA",113,67.929203539823,7.964601769911504,0.0,16.8141592920354,14.15929203539823
SkyWest Airlines (OO),CPR,"Casper, WY",113,44.65486725663717,60.17699115044248,0.8849557522123894,21.238938053097346,14.15929203539823
SkyWest Airlines (OO),SUN,"Sun Valley/Hailey/Ketchum, ID",106,53.10377358490566,56.60377358490566,2.8301886792452833,23.58490566037736,14.150943396226415
Southwest Airlines (WN),DSM,"Des Moines, IA",99,47.81818181818182,50.505050505050505,0.0,15.151515151515152,14.14141414141414
United Airlines (UA),SFO,"San Francisco, CA",3590,96.0607242339833,4.03899721448468,5.988857938718663,31.67130919220056,14.122562674094707
Envoy Air (MQ),MHK,"Manhattan/Ft. Riley, KS",85,41.78823529411765,70.58823529411765,0.0,14.117647058823529,14.117647058823529
Envoy Air (MQ),ICT,"Wichita, KS",149,35.939597315436245,87.91946308724832,0.0,17.449664429530202,14.093959731543624
Southwest Airlines (WN),BHM,"Birmingham, AL",355,45.946478873239435,49.29577464788733,0.0,17.74647887323944,14.084507042253522
Envoy Air (MQ),COU,"Columbia, MO",135,40.214814814814815,73.33333333333333,0.0,14.814814814814813,14.074074074074074
United Airlines (UA),MSP,"Minneapolis, MN",263,77.77566539923954,3.802281368821293,3.802281368821293,17.490494296577946,14.068441064638785
JetBlue Airways (B6),ATL,"Atlanta, GA",157,61.70063694267516,15.286624203821656,0.0,21.656050955414013,14.012738853503185
Southwest Airlines (WN),LBB,"Lubbock, TX",143,44.41958041958042,60.13986013986013,0.0,13.986013986013987,13.986013986013987
Frontier Airlines (F9),SEA,"Seattle, WA",93,86.63440860215054,2.1505376344086025,2.1505376344086025,19.35483870967742,13.978494623655912
Southwest Airlines (WN),BUR,"Burbank, CA",1175,48.11234042553191,49.19148936170213,0.5957446808510638,17.95744680851064,13.957446808510637
Republic Airways (YX),CHS,"Charleston, SC",180,51.76111111111111,47.22222222222222,1.1111111111111112,17.22222222222222,13.88888888888889
Delta Air Lines (DL),LGA,"New York, NY",1577,83.94610019023462,0.7609384908053266,2.4730500951173116,18.072289156626507,13.88712745719721
American Airlines (AA),PNS,"Pensacola, FL",173,55.8150289017341,30.63583815028902,1.1560693641618496,16.184971098265898,13.872832369942195
Republic Airways (YX),BOS,"Boston, MA",2728,58.54142228739003,38.78299120234604,1.5395894428152492,18.255131964809383,13.819648093841641
Republic Airways (YX),ATL,"Atlanta, GA",239,47.84518828451883,47.28033472803347,0.0,14.644351464435147,13.807531380753138
Alaska Airlines (AS),KOA,"Kona, HI",638,53.35109717868338,56.26959247648903,2.507836990595611,18.495297805642632,13.793103448275861
Southwest Airlines (WN),CVG,"Cincinnati, OH",138,48.88405797101449,40.57971014492754,0.0,16.666666666666664,13.768115942028986
Delta Air Lines (DL),DAL,"Dallas, TX",109,58.20183486238532,1.834862385321101,0.0,13.761467889908257,13.761467889908257
Envoy Air (MQ),HHH,"Hilton Head, SC",131,35.030534351145036,85.49618320610686,0.0,15.267175572519085,13.740458015267176
Delta Air Lines (DL),CAE,"Columbia, SC",95,54.51578947368421,13.684210526315791,1.0526315789473684,14.736842105263156,13.684210526315791
PSA Airlines (OH),LEX,"Lexington, KY",117,42.05128205128205,75.21367521367522,0.8547008547008548,15.384615384615385,13.675213675213676
SkyWest Airlines (OO),MDW,"Chicago, IL",88,40.45454545454545,68.18181818181817,0.0,19.318181818181817,13.636363636363635
Delta Air Lines (DL),DFW,"Dallas/Fort Worth, TX",631,71.49445324881141,3.328050713153724,1.109350237717908,17.27416798732171,13.629160063391444
Southwest Airlines (WN),STL,"St. Louis, MO",2658,57.54815650865312,21.8209179834462,0.3009781790820165,16.365688487584652,13.61926260346125
PSA Airlines (OH),SBN,"South Bend, IN",81,42.617283950617285,75.30864197530865,1.2345679012345678,14.814814814814813,13.580246913580247
SkyWest Airlines (OO),FAR,"Fargo, ND",177,65.80790960451978,41.24293785310734,8.47457627118644,20.903954802259886,13.559322033898304
SkyWest Airlines (OO),SAN,"San Diego, CA",1102,50.43103448275862,53.53901996370236,0.5444646098003629,20.326678765880217,13.520871143375683
Envoy Air (MQ),STL,"St. Louis, MO",111,43.810810810810814,71.17117117117117,0.9009009009009009,15.315315315315313,13.513513513513514
JetBlue Airways (B6),SJU,"San Juan, PR",623,102.82182985553771,1.1235955056179776,8.346709470304976,20.224719101123593,13.48314606741573
SkyWest Airlines (OO),TVC,"Traverse City, MI",89,43.06741573033708,55.0561797752809,0.0,21.34831460674157,13.48314606741573
SkyWest Airlines (OO),TUL,"Tulsa, OK",275,49.52363636363636,48.0,1.090909090909091,17.09090909090909,13.454545454545455
Southwest Airlines (WN),MSP,"Minneapolis, MN",298,51.98993288590604,28.859060402684566,0.33557046979865773,14.093959731543624,13.422818791946309
SkyWest Airlines (OO),ASE,"Aspen, CO",351,58.30769230769231,36.46723646723647,1.1396011396011396,17.94871794871795,13.390313390313391
Southwest Airlines (WN),RSW,"Fort Myers, FL",568,54.068661971830984,22.183098591549296,0.7042253521126761,13.380281690140844,13.380281690140844
PSA Airlines (OH),SDF,"Louisville, KY",157,43.33757961783439,69.42675159235668,0.6369426751592357,15.286624203821656,13.375796178343949
Delta Air Lines (DL),SJU,"San Juan, PR",225,75.12444444444445,0.0,0.0,20.444444444444446,13.333333333333334
JetBlue Airways (B6),RIC,"Richmond, VA",120,62.075,10.0,2.5,21.666666666666668,13.333333333333334
United Airlines (UA),CLT,"Charlotte, NC",120,67.575,4.166666666666666,0.8333333333333334,15.833333333333332,13.333333333333334
Delta Air Lines (DL),TYS,"Knoxville, TN",90,51.477777777777774,35.55555555555556,1.1111111111111112,14.444444444444443,13.333333333333334
Allegiant Air (G4),AVL,"Asheville, NC",113,59.70796460176991,8.849557522123893,0.0,14.15929203539823,13.274336283185843
American Airlines (AA),ONT,"Ontario, CA",174,72.35057471264368,11.494252873563218,2.2988505747126435,23.563218390804597,13.218390804597702
Southwest Airlines (WN),PNS,"Pensacola, FL",197,47.213197969543145,45.68527918781726,0.0,14.720812182741117,13.19796954314721
Delta Air Lines (DL),SAV,"Savannah, GA",258,59.92248062015504,7.751937984496124,0.7751937984496124,16.27906976744186,13.178294573643413
Allegiant Air (G4),ALB,"Albany, NY",76,54.0,11.842105263157894,0.0,15.789473684210526,13.157894736842104
Southwest Airlines (WN),COS,"Colorado Springs, CO",244,46.049180327868854,54.50819672131148,0.0,13.934426229508196,13.114754098360656
JetBlue Airways (B6),BNA,"Nashville, TN",84,62.88095238095238,11.904761904761903,0.0,14.285714285714285,13.095238095238097
JetBlue Airways (B6),SAV,"Savannah, GA",92,67.56521739130434,4.3478260869565215,1.0869565217391304,15.217391304347828,13.043478260869565
Delta Air Lines (DL),CLT,"Charlotte, NC",307,56.09446254071661,13.355048859934854,0.0,13.680781758957655,13.029315960912053
Southwest Airlines (WN),LIT,"Little Rock, AR",146,48.37671232876713,53.42465753424658,0.684931506849315,14.383561643835616,13.013698630136986
SkyWest Airlines (OO),IAH,"Houston, TX",1016,94.09448818897638,25.196850393700785,10.62992125984252,22.244094488188974,12.992125984251967
Delta Air Lines (DL),PHL,"Philadelphia, PA",339,64.85250737463127,7.079646017699115,0.8849557522123894,17.404129793510325,12.979351032448378
Delta Air Lines (DL),VPS,"Valparaiso, FL",162,60.82098765432099,14.19753086419753,0.6172839506172839,13.580246913580247,12.962962962962962
Republic Airways (YX),BNA,"Nashville, TN",519,55.61271676300578,43.35260115606936,0.7707129094412332,16.184971098265898,12.909441233140656
Envoy Air (MQ),XNA,"Fayetteville, AR",365,41.76164383561644,70.41095890410959,0.273972602739726,14.794520547945206,12.876712328767123
Envoy Air (MQ),OMA,"Omaha, NE",101,40.415841584158414,76.23762376237624,0.9900990099009901,12.871287128712872,12.871287128712872
Republic Airways (YX),MEM,"Memphis, TN",140,56.878571428571426,29.28571428571429,0.0,15.0,12.857142857142856
United Airlines (UA),DCA,"Washington, DC",351,78.58119658119658,3.7037037037037033,1.4245014245014245,17.94871794871795,12.82051282051282
Alaska Airlines (AS),GEG,"Spokane, WA",78,61.782051282051285,5.128205128205128,0.0,15.384615384615385,12.82051282051282
Envoy Air (MQ),ORD,"Chicago, IL",5165,78.32681510164569,23.65924491771539,4.704743465634075,20.619554695062924,12.81703775411423
Envoy Air (MQ),ORF,"Norfolk, VA",86,41.45348837209303,62.7906976744186,0.0,15.11627906976744,12.790697674418606
Spirit Airlines (NK),LAS,"Las Vegas, NV",321,95.41744548286604,5.29595015576324,7.78816199376947,20.87227414330218,12.77258566978193
SkyWest Airlines (OO),FSD,"Sioux Falls, SD",196,48.52040816326531,51.02040816326531,0.5102040816326531,16.83673469387755,12.755102040816327
PSA Airlines (OH),MKE,"Milwaukee, WI",79,54.45569620253165,63.29113924050633,2.5316455696202533,13.924050632911392,12.658227848101266
SkyWest Airlines (OO),BNA,"Nashville, TN",87,44.08045977011494,52.87356321839081,0.0,14.942528735632186,12.643678160919542
Southwest Airlines (WN),TYS,"Knoxville, TN",95,48.357894736842105,45.26315789473684,0.0,14.736842105263156,12.631578947368421
SkyWest Airlines (OO),PSC,"Pasco/Kennewick/Richland, WA",254,47.110236220472444,50.78740157480315,0.39370078740157477,14.960629921259844,12.598425196850393
American Airlines (AA),DFW,"Dallas/Fort Worth, TX",11091,109.76205932738256,0.8295013975295285,7.582724731764494,18.059688035343974,12.595798395095123
Southwest Airlines (WN),ORF,"Norfolk, VA",135,52.17777777777778,25.925925925925924,0.0,13.333333333333334,12.592592592592592
Republic Airways (YX),PWM,"Portland, ME",151,61.59602649006622,37.086092715231786,1.3245033112582782,15.2317880794702,12.582781456953644
Southwest Airlines (WN),VPS,"Valparaiso, FL",151,50.980132450331126,29.13907284768212,0.0,16.55629139072848,12.582781456953644
Alaska Airlines (AS),HNL,"Honolulu, HI",1947,95.51566512583462,20.03081664098613,7.704160246533127,25.064201335387775,12.532100667693888
SkyWest Airlines (OO),CLT,"Charlotte, NC",176,75.55113636363636,17.045454545454543,5.681818181818182,17.613636363636363,12.5
SkyWest Airlines (OO),COS,"Colorado Springs, CO",176,50.49431818181818,41.47727272727273,0.5681818181818182,16.477272727272727,12.5
Southwest Airlines (WN),SBA,"Santa Barbara, CA",104,45.07692307692308,60.57692307692307,0.0,14.423076923076922,12.5
Envoy Air (MQ),ABI,"Abilene, TX",88,38.05681818181818,85.22727272727273,0.0,12.5,12.5
JetBlue Airways (B6),BUF,"Buffalo, NY",88,65.88636363636364,9.090909090909092,3.4090909090909087,17.045454545454543,12.5
PSA Airlines (OH),DTW,"Detroit, MI",88,41.625,76.13636363636364,1.1363636363636365,15.909090909090908,12.5
SkyWest Airlines (OO),SAT,"San Antonio, TX",88,41.88636363636363,67.04545454545455,0.0,15.909090909090908,12.5
United Airlines (UA),BNA,"Nashville, TN",441,84.08390022675736,4.308390022675737,4.988662131519274,17.006802721088434,12.471655328798185
Frontier Airlines (F9),MCO,"Orlando, FL",1187,103.0412805391744,0.5054759898904801,8.508845829823084,19.03959561920809,12.468407750631846
Delta Air Lines (DL),MCO,"Orlando, FL",1446,77.10995850622406,1.313969571230982,0.8298755186721992,16.9432918395574,12.448132780082988
Delta Air Lines (DL),RSW,"Fort Myers, FL",564,75.74290780141844,1.2411347517730498,0.8865248226950355,16.843971631205672,12.411347517730496
SkyWest Airlines (OO),FLG,"Flagstaff, AZ",129,37.89922480620155,82.94573643410853,0.0,16.27906976744186,12.4031007751938
Delta Air Lines (DL),TUL,"Tulsa, OK",105,52.99047619047619,28.57142857142857,0.9523809523809524,14.285714285714285,12.380952380952381
SkyWest Airlines (OO),XWA,"Williston, ND",105,45.2952380952381,52.38095238095239,0.0,13.333333333333334,12.380952380952381
United Airlines (UA),SLC,"Salt Lake City, UT",170,80.27058823529411,1.1764705882352942,2.941176470588235,15.294117647058824,12.352941176470589
JetBlue Airways (B6),SYR,"Syracuse, NY",81,60.30864197530864,14.814814814814813,1.2345679012345678,19.753086419753085,12.345679012345679
Southwest Airlines (WN),MDW,"Chicago, IL",4747,64.53001895934274,14.493364230040026,0.7794396460922688,18.60122182431009,12.323572782810196
Southwest Airlines (WN),MYR,"Myrtle Beach, SC",138,46.992753623188406,39.85507246376812,0.0,14.492753623188406,12.318840579710146
SkyWest Airlines (OO),DRO,"Durango, CO",236,43.139830508474574,61.016949152542374,0.0,13.559322033898304,12.288135593220339
Envoy Air (MQ),GSO,"Greensboro/High Point, NC",106,45.698113207547166,58.490566037735846,0.9433962264150944,13.20754716981132,12.264150943396226
SkyWest Airlines (OO),PSP,"Palm Springs, CA",302,57.30794701986755,46.026490066225165,2.6490066225165565,18.543046357615893,12.251655629139073
American Airlines (AA),SMF,"Sacramento, CA",188,65.26595744680851,17.5531914893617,2.127659574468085,19.148936170212767,12.23404255319149
JetBlue Airways (B6),MSY,"New Orleans, LA",82,56.28048780487805,8.536585365853659,0.0,15.853658536585366,12.195121951219512
Frontier Airlines (F9),PHX,"Phoenix, AZ",452,84.10840707964601,1.5486725663716814,3.0973451327433628,16.150442477876105,12.168141592920353
American Airlines (AA),DCA,"Washington, DC",1447,81.78991015894955,10.297166551485832,3.7318590186592946,19.00483759502419,12.16309606081548
Frontier Airlines (F9),CLE,"Cleveland, OH",305,83.40655737704918,0.6557377049180327,3.606557377049181,19.34426229508197,12.131147540983607
United Airlines (UA),DFW,"Dallas/Fort Worth, TX",547,76.78062157221207,5.301645338208409,2.742230347349177,17.184643510054844,12.065813528336381
Republic Airways (YX),DCA,"Washington, DC",2018,62.38850346878097,34.29137760158573,1.734390485629336,22.101090188305253,12.041625371655105
United Airlines (UA),BOS,"Boston, MA",578,91.14878892733564,0.8650519031141869,1.7301038062283738,16.955017301038062,11.937716262975778
United Airlines (UA),ORD,"Chicago, IL",6145,90.63352318958503,2.9943043124491457,3.368592351505289,22.343368592351506,11.92839707078926
American Airlines (AA),CVG,"Cincinnati, OH",109,62.77064220183486,8.256880733944955,0.9174311926605505,13.761467889908257,11.926605504587156
United Airlines (UA),BZN,"Bozeman, MT",126,77.6984126984127,2.380952380952381,0.7936507936507936,14.285714285714285,11.904761904761903
JetBlue Airways (B6),ORH,"Worcester, MA",101,59.693069306930695,10.891089108910892,0.9900990099009901,14.85148514851485,11.881188118811881
Allegiant Air (G4),EYW,"Key West, FL",76,49.61842105263158,31.57894736842105,0.0,17.105263157894736,11.842105263157894
Envoy Air (MQ),MSN,"Madison, WI",76,42.51315789473684,78.94736842105263,0.0,11.842105263157894,11.842105263157894
JetBlue Airways (B6),LAX,"Los Angeles, CA",414,124.28985507246377,0.0,15.458937198067632,19.806763285024154,11.83574879227053
Alaska Airlines (AS),LAX,"Los Angeles, CA",389,150.08740359897172,0.2570694087403599,16.195372750642672,17.994858611825194,11.825192802056556
Envoy Air (MQ),GSP,"Greer, SC",119,42.08403361344538,71.42857142857143,0.8403361344537815,11.76470588235294,11.76470588235294
Delta Air Lines (DL),IAH,"Houston, TX",469,71.94456289978677,4.690831556503198,1.9189765458422177,14.712153518123666,11.727078891257996
American Airlines (AA),SEA,"Seattle, WA",376,72.81382978723404,2.127659574468085,2.6595744680851063,16.48936170212766,11.702127659574469
SkyWest Airlines (OO),DFW,"Dallas/Fort Worth, TX",1690,78.15207100591716,21.360946745562128,3.6686390532544375,19.349112426035504,11.65680473372781
Republic Airways (YX),BWI,"Baltimore, MD",103,49.49514563106796,47.57281553398058,0.9708737864077669,14.563106796116504,11.650485436893204
Allegiant Air (G4),GRR,"Grand Rapids, MI",146,55.02739726027397,16.43835616438356,0.0,12.32876712328767,11.643835616438356
Frontier Airlines (F9),SLC,"Salt Lake City, UT",319,60.990595611285265,17.55485893416928,0.3134796238244514,16.30094043887147,11.598746081504702
American Airlines (AA),MSP,"Minneapolis, MN",190,56.51052631578948,17.894736842105264,0.0,15.789473684210526,11.578947368421053
Envoy Air (MQ),FAR,"Fargo, ND",130,42.95384615384615,70.0,0.7692307692307693,11.538461538461538,11.538461538461538
Frontier Airlines (F9),IAD,"Washington, DC",78,60.84615384615385,10.256410256410255,1.282051282051282,12.82051282051282,11.538461538461538
Envoy Air (MQ),BRO,"Brownsville, TX",87,41.804597701149426,60.91954022988506,0.0,12.643678160919542,11.494252873563218
SkyWest Airlines (OO),SBP,"San Luis Obispo, CA",157,56.031847133757964,57.961783439490446,0.6369426751592357,15.92356687898089,11.464968152866243
Frontier Airlines (F9),MSP,"Minneapolis, MN",79,67.0506329113924,12.658227848101266,2.5316455696202533,13.924050632911392,11.39240506329114
Republic Airways (YX),ORD,"Chicago, IL",2722,71.5418809698751,24.320352681851578,2.4246877296105804,18.88317413666422,11.388684790595152
Republic Airways (YX),CLE,"Cleveland, OH",325,54.33538461538461,47.07692307692308,2.4615384615384617,14.76923076923077,11.384615384615385
Delta Air Lines (DL),SAT,"San Antonio, TX",352,68.4715909090909,5.965909090909091,0.0,13.920454545454545,11.363636363636363
Delta Air Lines (DL),BWI,"Baltimore, MD",264,65.44318181818181,3.787878787878788,0.3787878787878788,13.257575757575758,11.363636363636363
United Airlines (UA),ABQ,"Albuquerque, NM",88,83.92045454545455,1.1363636363636365,2.272727272727273,22.727272727272727,11.363636363636363
Delta Air Lines (DL),SRQ,"Sarasota/Bradenton, FL",291,67.96219931271477,3.436426116838488,0.6872852233676976,13.745704467353953,11.34020618556701
Southwest Airlines (WN),BWI,"Baltimore, MD",5142,69.11765849863866,14.157915208090238,1.5947102294826914,14.157915208090238,11.260210035005834
United Airlines (UA),PBI,"West Palm Beach/Palm Beach, FL",320,80.24375,0.625,1.5625,15.0,11.25
Delta Air Lines (DL),OKC,"Oklahoma City, OK",80,59.9625,7.5,0.0,12.5,11.25
SkyWest Airlines (OO),CLE,"Cleveland, OH",89,49.764044943820224,39.325842696629216,1.1235955056179776,12.359550561797752,11.235955056179774
United Airlines (UA),CVG,"Cincinnati, OH",89,66.28089887640449,8.98876404494382,1.1235955056179776,16.853932584269664,11.235955056179774
Republic Airways (YX),RDU,"Raleigh/Durham, NC",570,47.90526315789474,58.245614035087726,0.5263157894736842,14.035087719298245,11.228070175438596
Delta Air Lines (DL),GNV,"Gainesville, FL",98,49.91836734693877,27.55102040816326,0.0,14.285714285714285,11.224489795918368
Delta Air Lines (DL),JAX,"Jacksonville, FL",277,68.50541516245487,2.527075812274368,0.36101083032490977,15.884476534296029,11.191335740072201
Delta Air Lines (DL),CHS,"Charleston, SC",270,58.34814814814815,13.333333333333334,0.3703703703703704,12.592592592592592,11.11111111111111
Envoy Air (MQ),SGF,"Springfield, MO",180,42.33888888888889,67.22222222222223,0.5555555555555556,11.11111111111111,11.11111111111111
Republic Airways (YX),GRR,"Grand Rapids, MI",126,55.65079365079365,34.92063492063492,2.380952380952381,15.079365079365079,11.11111111111111
SkyWest Airlines (OO),PIT,"Pittsburgh, PA",126,50.44444444444444,50.0,0.0,17.46031746031746,11.11111111111111
Delta Air Lines (DL),LEX,"Lexington, KY",117,48.2991452991453,33.33333333333333,0.0,13.675213675213676,11.11111111111111
American Airlines (AA),MKE,"Milwaukee, WI",99,85.37373737373737,19.19191919191919,6.0606060606060606,20.2020202020202,11.11111111111111
American Airlines (AA),VPS,"Valparaiso, FL",81,65.70370370370371,18.51851851851852,0.0,18.51851851851852,11.11111111111111
Republic Airways (YX),ILM,"Wilmington, NC",118,45.92372881355932,57.6271186440678,0.0,14.40677966101695,11.016949152542372
Envoy Air (MQ),RDU,"Raleigh/Durham, NC",137,50.37956204379562,67.88321167883211,3.64963503649635,12.408759124087592,10.948905109489052
SkyWest Airlines (OO),BUF,"Buffalo, NY",101,48.20792079207921,53.46534653465347,0.9900990099009901,17.82178217821782,10.891089108910892
SkyWest Airlines (OO),ABQ,"Albuquerque, NM",313,49.73162939297124,49.84025559105431,0.0,15.015974440894569,10.86261980830671
Delta Air Lines (DL),CLE,"Cleveland, OH",129,66.83720930232558,0.7751937984496124,0.0,13.953488372093023,10.852713178294573
JetBlue Airways (B6),JFK,"New York, NY",1404,111.6445868945869,0.9971509971509971,9.401709401709402,16.88034188034188,10.826210826210826
Southwest Airlines (WN),GRR,"Grand Rapids, MI",102,43.833333333333336,65.68627450980392,0.9803921568627451,10.784313725490197,10.784313725490197
Republic Airways (YX),ROC,"Rochester, NY",130,59.39230769230769,38.46153846153847,2.307692307692308,14.615384615384617,10.76923076923077
American Airlines (AA),DTW,"Detroit, MI",223,57.10762331838565,26.00896860986547,0.0,12.10762331838565,10.762331838565023
Republic Airways (YX),RIC,"Richmond, VA",316,60.424050632911396,35.12658227848101,0.6329113924050633,14.556962025316455,10.759493670886076
United Airlines (UA),RNO,"Reno, NV",93,83.79569892473118,3.225806451612903,6.451612903225806,27.956989247311824,10.75268817204301
Alaska Airlines (AS),KTN,"Ketchikan, AK",177,48.93785310734463,41.80790960451977,0.5649717514124294,12.994350282485875,10.734463276836157
United Airlines (UA),PHX,"Phoenix, AZ",579,96.52504317789293,0.3454231433506045,2.936096718480138,15.198618307426598,10.708117443868739
Delta Air Lines (DL),MKE,"Milwaukee, WI",178,64.29213483146067,10.674157303370785,0.5617977528089888,12.921348314606742,10.674157303370785
SkyWest Airlines (OO),SGU,"St. George, UT",244,49.69672131147541,52.459016393442624,0.4098360655737705,14.754098360655737,10.655737704918032
SkyWest Airlines (OO),MFR,"Medford, OR",169,46.23668639053255,53.84615384615385,0.0,13.017751479289942,10.650887573964498
Republic Airways (YX),JAX,"Jacksonville, FL",188,52.87234042553192,39.361702127659576,0.5319148936170213,12.23404255319149,10.638297872340425
SkyWest Airlines (OO),ALB,"Albany, NY",94,53.148936170212764,34.04255319148936,1.0638297872340425,10.638297872340425,10.638297872340425
Southwest Airlines (WN),AMA,"Amarillo, TX",113,45.256637168141594,66.3716814159292,1.7699115044247788,15.929203539823009,10.619469026548673
Alaska Airlines (AS),MCO,"Orlando, FL",132,73.81818181818181,0.0,0.7575757575757576,12.878787878787879,10.606060606060606
JetBlue Airways (B6),LAS,"Las Vegas, NV",340,86.84411764705882,0.0,1.1764705882352942,16.470588235294116,10.588235294117647
Delta Air Lines (DL),MDW,"Chicago, IL",85,52.10588235294118,21.176470588235293,0.0,14.117647058823529,10.588235294117647
Delta Air Lines (DL),SDF,"Louisville, KY",152,55.098684210526315,25.657894736842106,0.6578947368421052,13.157894736842104,10.526315789473683
Envoy Air (MQ),TPA,"Tampa, FL",76,37.85526315789474,85.52631578947368,0.0,10.526315789473683,10.526315789473683
JetBlue Airways (B6),SAN,"San Diego, CA",143,92.66433566433567,0.6993006993006993,2.797202797202797,15.384615384615385,10.48951048951049
JetBlue Airways (B6),SFO,"San Francisco, CA",248,133.56451612903226,0.0,19.35483870967742,24.193548387096776,10.483870967741936
SkyWest Airlines (OO),STS,"Santa Rosa, CA",363,48.47107438016529,48.760330578512395,0.27548209366391185,12.396694214876034,10.46831955922865
SkyWest Airlines (OO),OMA,"Omaha, NE",239,51.35146443514645,43.93305439330544,0.0,16.317991631799163,10.460251046025103
United Airlines (UA),OMA,"Omaha, NE",115,70.12173913043478,2.608695652173913,0.8695652173913043,15.65217391304348,10.434782608695652
United Airlines (UA),CMH,"Columbus, OH",164,75.23170731707317,3.048780487804878,3.048780487804878,11.585365853658537,10.365853658536585
Allegiant Air (G4),RFD,"Rockford, IL",87,60.94252873563219,8.045977011494253,0.0,13.793103448275861,10.344827586206897
Delta Air Lines (DL),DAB,"Daytona Beach, FL",87,65.24137931034483,3.4482758620689653,0.0,12.643678160919542,10.344827586206897
Delta Air Lines (DL),AUS,"Austin, TX",679,75.84094256259205,1.3254786450662739,0.8836524300441826,13.402061855670103,10.309278350515463
Delta Air Lines (DL),PNS,"Pensacola, FL",156,52.6025641025641,25.64102564102564,0.0,10.897435897435898,10.256410256410255
Alaska Airlines (AS),DCA,"Washington, DC",88,83.0,0.0,2.272727272727273,11.363636363636363,10.227272727272728
Delta Air Lines (DL),ONT,"Ontario, CA",88,74.3409090909091,2.272727272727273,0.0,15.909090909090908,10.227272727272728
SkyWest Airlines (OO),ABI,"Abilene, TX",88,60.78409090909091,21.59090909090909,0.0,14.772727272727273,10.227272727272728
Delta Air Lines (DL),RDU,"Raleigh/Durham, NC",598,68.73578595317726,2.0066889632107023,0.33444816053511706,12.876254180602006,10.200668896321071
Delta Air Lines (DL),GSO,"Greensboro/High Point, NC",148,48.12162162162162,33.78378378378378,0.0,12.837837837837837,10.135135135135135
SkyWest Airlines (OO),IDA,"Idaho Falls, ID",178,52.449438202247194,44.9438202247191,0.0,17.97752808988764,10.112359550561797
Allegiant Air (G4),ATW,"Appleton, WI",89,56.80898876404494,21.34831460674157,0.0,13.48314606741573,10.112359550561797
Delta Air Lines (DL),MLB,"Melbourne, FL",89,53.03370786516854,16.853932584269664,0.0,10.112359550561797,10.112359550561797
SkyWest Airlines (OO),FAT,"Fresno, CA",277,53.985559566787,37.90613718411552,0.36101083032490977,12.63537906137184,10.108303249097473
Delta Air Lines (DL),SNA,"Santa Ana, CA",258,70.57364341085271,4.651162790697675,0.7751937984496124,14.34108527131783,10.077519379844961
Envoy Air (MQ),LRD,"Laredo, TX",90,42.333333333333336,60.0,1.1111111111111112,11.11111111111111,10.0
Delta Air Lines (DL),TLH,"Tallahassee, FL",131,47.87786259541985,38.93129770992366,0.0,12.213740458015266,9.923664122137405
United Airlines (UA),IND,"Indianapolis, IN",111,83.94594594594595,2.7027027027027026,3.6036036036036037,13.513513513513514,9.90990990990991
SkyWest Airlines (OO),TUS,"Tucson, AZ",570,45.88947368421053,65.96491228070175,0.3508771929824561,14.385964912280702,9.824561403508772
Delta Air Lines (DL),BNA,"Nashville, TN",510,64.36078431372549,5.490196078431373,0.5882352941176471,14.117647058823529,9.803921568627452
Delta Air Lines (DL),HNL,"Honolulu, HI",246,140.4430894308943,0.0,23.983739837398375,22.35772357723577,9.75609756097561
American Airlines (AA),MYR,"Myrtle Beach, SC",103,53.33009708737864,26.21359223300971,0.9708737864077669,13.592233009708737,9.70873786407767
Envoy Air (MQ),LBB,"Lubbock, TX",103,40.640776699029125,72.81553398058253,0.0,9.70873786407767,9.70873786407767
SkyWest Airlines (OO),YUM,"Yuma, AZ",83,39.096385542168676,72.28915662650603,0.0,10.843373493975903,9.63855421686747
American Airlines (AA),LAX,"Los Angeles, CA",1453,101.16242257398486,0.3441156228492774,5.8499655884377155,17.962835512732276,9.635237439779766
American Airlines (AA),JFK,"New York, NY",520,87.78653846153846,3.653846153846154,6.153846153846154,15.192307692307692,9.615384615384617
SkyWest Airlines (OO),BIS,"Bismarck/Mandan, ND",104,51.63461538461539,29.807692307692307,0.0,12.5,9.615384615384617
Delta Air Lines (DL),PHX,"Phoenix, AZ",697,83.81492109038737,0.860832137733142,3.7302725968436152,15.351506456241031,9.612625538020087
Delta Air Lines (DL),IAD,"Washington, DC",146,59.986301369863014,8.21917808219178,0.684931506849315,10.273972602739725,9.58904109589041
Southwest Airlines (WN),MHT,"Manchester, NH",167,48.21556886227545,44.91017964071856,0.0,10.179640718562874,9.580838323353294
SkyWest Airlines (OO),DTW,"Detroit, MI",2249,77.16985326811917,26.767452200978216,5.024455313472655,14.67318808359271,9.515340151178302
United Airlines (UA),PDX,"Portland, OR",295,88.87457627118644,1.3559322033898304,5.084745762711865,15.593220338983052,9.491525423728813
SkyWest Airlines (OO),OAJ,"Jacksonville/Camp Lejeune, NC",85,40.89411764705882,69.41176470588235,0.0,14.117647058823529,9.411764705882353
Allegiant Air (G4),FAR,"Fargo, ND",75,54.45333333333333,18.666666666666668,0.0,10.666666666666668,9.333333333333334
Delta Air Lines (DL),LAS,"Las Vegas, NV",1078,80.72541743970315,1.6697588126159555,2.1335807050092765,15.862708719851575,9.276437847866418
United Airlines (UA),ONT,"Ontario, CA",108,76.67592592592592,3.7037037037037033,0.9259259259259258,14.814814814814813,9.25925925925926
Delta Air Lines (DL),PDX,"Portland, OR",358,75.32122905027933,2.793296089385475,1.9553072625698324,11.1731843575419,9.217877094972067
SkyWest Airlines (OO),MCI,"Kansas City, MO",185,56.443243243243245,42.16216216216216,1.0810810810810811,17.2972972972973,9.18918918918919
Delta Air Lines (DL),LIT,"Little Rock, AR",142,53.91549295774648,9.859154929577464,0.0,10.56338028169014,9.15492957746479
United Airlines (UA),FLL,"Fort Lauderdale, FL",526,83.31368821292776,0.5703422053231939,1.1406844106463878,12.357414448669202,9.125475285171103
SkyWest Airlines (OO),AUS,"Austin, TX",538,62.094795539033456,42.56505576208178,2.7881040892193307,12.639405204460965,9.107806691449815
Allegiant Air (G4),BGR,"Bangor, ME",77,54.01298701298701,15.584415584415584,0.0,11.688311688311687,9.090909090909092
Republic Airways (YX),SYR,"Syracuse, NY",166,51.265060240963855,42.168674698795186,1.2048192771084338,13.253012048192772,9.036144578313253
Republic Airways (YX),MCI,"Kansas City, MO",111,60.85585585585586,32.432432432432435,3.6036036036036037,10.81081081081081,9.00900900900901
Delta Air Lines (DL),BZN,"Bozeman, MT",89,68.66292134831461,6.741573033707865,1.1235955056179776,13.48314606741573,8.98876404494382
SkyWest Airlines (OO),GEG,"Spokane, WA",390,49.694871794871794,41.53846153846154,0.5128205128205128,11.282051282051283,8.974358974358974
Delta Air Lines (DL),TPA,"Tampa, FL",914,74.86214442013129,1.0940919037199124,0.3282275711159737,11.269146608315099,8.971553610503284
United Airlines (UA),ATL,"Atlanta, GA",435,74.62988505747127,4.137931034482759,0.9195402298850575,12.873563218390805,8.96551724137931
United Airlines (UA),LAS,"Las Vegas, NV",893,93.86674132138857,0.5599104143337066,3.9193729003359463,14.893617021276595,8.958566629339305
Republic Airways (YX),JFK,"New York, NY",983,71.52899287894202,26.14445574771109,3.7639877924720246,15.15768056968464,8.952187182095624
Republic Airways (YX),PIT,"Pittsburgh, PA",447,58.702460850111855,38.25503355704698,2.013422818791946,10.51454138702461,8.94854586129754
Delta Air Lines (DL),EYW,"Key West, FL",90,66.02222222222223,2.2222222222222223,2.2222222222222223,8.88888888888889,8.88888888888889
SkyWest Airlines (OO),MAF,"Midland/Odessa, TX",158,47.30379746835443,44.936708860759495,0.0,12.025316455696203,8.860759493670885
American Airlines (AA),HNL,"Honolulu, HI",194,227.07731958762886,0.0,59.27835051546392,52.0618556701031,8.762886597938143
SkyWest Airlines (OO),BZN,"Bozeman, MT",137,48.33576642335766,43.06569343065693,0.0,13.138686131386862,8.75912408759124
United Airlines (UA),MIA,"Miami, FL",389,95.48071979434447,0.2570694087403599,2.313624678663239,14.652956298200515,8.740359897172237
Delta Air Lines (DL),STT,"Charlotte Amalie, VI",126,70.53174603174604,0.0,0.7936507936507936,17.46031746031746,8.73015873015873
SkyWest Airlines (OO),PHX,"Phoenix, AZ",2618,77.5061115355233,29.258976317799846,5.042016806722689,15.08785332314744,8.708938120702827
Delta Air Lines (DL),SAN,"San Diego, CA",595,83.59327731092436,1.3445378151260505,5.714285714285714,16.63865546218487,8.571428571428571
SkyWest Airlines (OO),LAS,"Las Vegas, NV",140,104.26428571428572,42.857142857142854,11.428571428571429,12.142857142857142,8.571428571428571
Delta Air Lines (DL),JAN,"Jackson/Vicksburg, MS",105,51.819047619047616,20.952380952380953,0.9523809523809524,8.571428571428571,8.571428571428571
American Airlines (AA),MIA,"Miami, FL",3200,208.8359375,0.59375,27.875,14.406250000000002,8.53125
SkyWest Airlines (OO),RAP,"Rapid City, SD",118,47.20338983050848,52.54237288135594,0.0,11.864406779661017,8.47457627118644
United Airlines (UA),BDL,"Hartford, CT",130,72.73076923076923,3.076923076923077,2.307692307692308,12.307692307692308,8.461538461538462
Republic Airways (YX),IND,"Indianapolis, IN",652,57.25153374233129,36.19631901840491,1.687116564417178,12.423312883435583,8.43558282208589
Alaska Airlines (AS),BOI,"Boise, ID",83,73.98795180722891,3.614457831325301,2.4096385542168677,8.433734939759036,8.433734939759036
Delta Air Lines (DL),HOU,"Houston, TX",83,62.8433734939759,6.024096385542169,1.2048192771084338,8.433734939759036,8.433734939759036
Alaska Airlines (AS),PHX,"Phoenix, AZ",368,70.1304347826087,0.2717391304347826,0.0,10.054347826086957,8.423913043478262
United Airlines (UA),MSY,"New Orleans, LA",441,82.51700680272108,6.575963718820861,4.988662131519274,11.791383219954648,8.390022675736962
PSA Airlines (OH),CLT,"Charlotte, NC",2743,93.41888443310245,15.530441122858186,7.036091870215093,14.910681735326284,8.348523514400291
JetBlue Airways (B6),RDU,"Raleigh/Durham, NC",156,67.8525641025641,3.205128205128205,0.641025641025641,10.256410256410255,8.333333333333332
SkyWest Airlines (OO),SBA,"Santa Barbara, CA",144,42.96527777777778,63.19444444444444,0.0,9.722222222222223,8.333333333333332
United Airlines (UA),PHL,"Philadelphia, PA",205,82.39512195121951,1.4634146341463417,2.9268292682926833,14.146341463414632,8.292682926829269
Delta Air Lines (DL),MCI,"Kansas City, MO",350,61.24,8.571428571428571,0.0,11.428571428571429,8.285714285714285
Republic Airways (YX),GSP,"Greer, SC",109,55.908256880733944,23.853211009174313,0.0,11.009174311926607,8.256880733944955
SkyWest Airlines (OO),MSO,"Missoula, MT",109,48.46788990825688,52.293577981651374,0.0,11.009174311926607,8.256880733944955
Delta Air Lines (DL),LAX,"Los Angeles, CA",2190,103.80502283105022,1.0502283105022832,7.808219178082192,14.703196347031962,8.21917808219178
SkyWest Airlines (OO),EUG,"Eugene, OR",196,55.02040816326531,47.95918367346938,1.530612244897959,12.755102040816327,8.16326530612245
Delta Air Lines (DL),MYR,"Myrtle Beach, SC",173,52.323699421965316,33.52601156069364,0.5780346820809248,10.982658959537572,8.092485549132949
SkyWest Airlines (OO),RDM,"Bend/Redmond, OR",223,49.02242152466368,43.946188340807176,0.0,9.865470852017937,8.071748878923767
Republic Airways (YX),MSN,"Madison, WI",124,57.75,37.096774193548384,1.6129032258064515,11.29032258064516,8.064516129032258
Envoy Air (MQ),DFW,"Dallas/Fort Worth, TX",4269,89.99976575310377,22.487702037947997,7.495900679315999,16.209885219020848,8.0580932302647
Delta Air Lines (DL),MEM,"Memphis, TN",211,64.23222748815166,3.3175355450236967,0.47393364928909953,9.95260663507109,8.056872037914692
Envoy Air (MQ),EYW,"Key West, FL",149,48.50335570469799,53.02013422818792,1.342281879194631,8.053691275167784,8.053691275167784
United Airlines (UA),MCI,"Kansas City, MO",137,80.7956204379562,2.18978102189781,3.64963503649635,10.218978102189782,8.02919708029197
Delta Air Lines (DL),MSY,"New Orleans, LA",561,68.8698752228164,3.7433155080213902,0.7130124777183601,11.58645276292335,8.02139037433155
Republic Airways (YX),SDF,"Louisville, KY",187,55.56149732620321,35.294117647058826,0.0,12.834224598930483,8.02139037433155
SkyWest Airlines (OO),XNA,"Fayetteville, AR",175,45.42857142857143,52.57142857142857,0.0,10.285714285714285,8.0
Delta Air Lines (DL),CMH,"Columbus, OH",126,66.23015873015873,3.1746031746031744,0.0,11.11111111111111,7.936507936507936
United Airlines (UA),SRQ,"Sarasota/Bradenton, FL",114,84.41228070175438,1.7543859649122806,2.631578947368421,15.789473684210526,7.894736842105263
Alaska Airlines (AS),SNA,"Santa Ana, CA",254,56.3503937007874,5.905511811023622,0.0,8.661417322834646,7.874015748031496
United Airlines (UA),SAT,"San Antonio, TX",332,77.68975903614458,3.313253012048193,0.6024096385542169,12.951807228915662,7.83132530120482
Delta Air Lines (DL),RIC,"Richmond, VA",128,67.90625,0.78125,0.0,10.15625,7.8125
Delta Air Lines (DL),IND,"Indianapolis, IN",205,70.41951219512195,2.9268292682926833,0.4878048780487805,12.195121951219512,7.804878048780488
Delta Air Lines (DL),EWR,"Newark, NJ",347,72.23631123919309,4.034582132564841,1.729106628242075,11.815561959654179,7.780979827089338
Delta Air Lines (DL),ANC,"Anchorage, AK",90,86.72222222222223,5.555555555555555,0.0,10.0,7.777777777777778
Delta Air Lines (DL),ORF,"Norfolk, VA",142,65.88732394366197,0.0,0.0,8.450704225352112,7.746478873239436
Envoy Air (MQ),DCA,"Washington, DC",389,94.31619537275064,24.93573264781491,7.712082262210797,15.681233933161954,7.712082262210797
Delta Air Lines (DL),BDL,"Hartford, CT",195,66.01538461538462,2.564102564102564,0.0,10.256410256410255,7.6923076923076925
United Airlines (UA),STT,"Charlotte Amalie, VI",91,71.74725274725274,2.197802197802198,0.0,16.483516483516482,7.6923076923076925
Alaska Airlines (AS),SJC,"San Jose, CA",78,67.1923076923077,1.282051282051282,0.0,8.974358974358974,7.6923076923076925
SkyWest Airlines (OO),IAD,"Washington, DC",170,89.09411764705882,29.411764705882355,11.76470588235294,11.176470588235295,7.647058823529412
American Airlines (AA),DSM,"Des Moines, IA",131,56.74809160305343,32.82442748091603,1.5267175572519083,11.450381679389313,7.633587786259542
PSA Airlines (OH),PHL,"Philadelphia, PA",1297,88.35158057054741,14.726291441788744,6.399383191981496,13.95528141865844,7.632999228989977
Delta Air Lines (DL),STL,"St. Louis, MO",264,69.5340909090909,5.681818181818182,0.7575757575757576,10.984848484848484,7.575757575757576
SkyWest Airlines (OO),MSP,"Minneapolis, MN",2463,100.06942752740561,16.808769792935443,10.069021518473406,13.64190012180268,7.551766138855055
Alaska Airlines (AS),SAN,"San Diego, CA",743,79.90040376850605,0.2691790040376851,1.2113055181695829,10.497981157469717,7.537012113055182
United Airlines (UA),SAN,"San Diego, CA",625,84.5104,0.8,0.96,14.56,7.5200000000000005
Frontier Airlines (F9),CVG,"Cincinnati, OH",148,84.28378378378379,0.0,3.3783783783783785,10.81081081081081,7.4324324324324325
United Airlines (UA),SAV,"Savannah, GA",135,97.77037037037037,1.4814814814814816,3.7037037037037033,14.074074074074074,7.4074074074074066
United Airlines (UA),SJU,"San Juan, PR",177,78.2542372881356,0.0,0.0,10.734463276836157,7.344632768361582
American Airlines (AA),OGG,"Kahului, HI",123,207.52032520325204,0.0,46.34146341463415,27.64227642276423,7.317073170731707
SkyWest Airlines (OO),OAK,"Oakland, CA",82,47.19512195121951,60.97560975609756,0.0,8.536585365853659,7.317073170731707
SkyWest Airlines (OO),ATL,"Atlanta, GA",523,68.53537284894837,27.342256214149142,3.0592734225621414,11.47227533460803,7.265774378585086
Republic Airways (YX),CMH,"Columbus, OH",636,56.617924528301884,36.79245283018868,1.10062893081761,9.59119496855346,7.232704402515723
Frontier Airlines (F9),DEN,"Denver, CO",1196,105.12876254180603,3.3444816053511706,10.535117056856187,11.705685618729097,7.190635451505016
United Airlines (UA),AUS,"Austin, TX",571,85.98598949211909,2.9772329246935203,3.677758318739054,12.43432574430823,7.180385288966725
SkyWest Airlines (OO),BOI,"Boise, ID",476,55.38235294117647,39.91596638655462,2.3109243697478994,10.504201680672269,7.142857142857142
American Airlines (AA),PHL,"Philadelphia, PA",2791,92.86026513794339,3.009673951988535,4.657828735220352,13.256897169473309,7.130060910068075
United Airlines (UA),MCO,"Orlando, FL",832,88.4110576923077,0.0,0.8413461538461539,9.375,7.091346153846153
JetBlue Airways (B6),PHX,"Phoenix, AZ",99,72.48484848484848,1.0101010101010102,0.0,10.1010101010101,7.07070707070707
Delta Air Lines (DL),GPT,"Gulfport/Biloxi, MS",85,51.01176470588236,25.882352941176475,0.0,10.588235294117647,7.0588235294117645
United Airlines (UA),SNA,"Santa Ana, CA",326,87.86503067484662,0.0,2.147239263803681,14.11042944785276,7.05521472392638
Republic Airways (YX),DTW,"Detroit, MI",399,61.092731829573935,31.82957393483709,1.5037593984962405,10.526315789473683,7.017543859649122
SkyWest Airlines (OO),DEN,"Denver, CO",5653,86.38811250663365,16.345303378736954,6.067574739076596,15.142402264284453,7.005130019458694
Delta Air Lines (DL),TUS,"Tucson, AZ",100,67.88,1.0,0.0,7.000000000000001,7.000000000000001
Republic Airways (YX),ORF,"Norfolk, VA",143,49.88111888111888,44.75524475524475,0.6993006993006993,11.888111888111888,6.993006993006993
Delta Air Lines (DL),BOI,"Boise, ID",129,63.906976744186046,9.30232558139535,0.7751937984496124,13.953488372093023,6.976744186046512
American Airlines (AA),PHX,"Phoenix, AZ",3632,101.02560572687224,2.753303964757709,8.61784140969163,15.115638766519822,6.965859030837004
Delta Air Lines (DL),CVG,"Cincinnati, OH",303,73.76237623762377,0.9900990099009901,1.3201320132013201,9.900990099009901,6.9306930693069315
Republic Airways (YX),STL,"St. Louis, MO",192,52.713541666666664,36.97916666666667,0.0,8.854166666666668,6.770833333333333
Delta Air Lines (DL),DEN,"Denver, CO",566,73.73674911660777,1.9434628975265018,0.5300353356890459,11.837455830388691,6.713780918727916
Alaska Airlines (AS),DEN,"Denver, CO",149,67.59060402684564,0.6711409395973155,0.0,7.38255033557047,6.7114093959731544
Southwest Airlines (WN),OGG,"Kahului, HI",373,125.88203753351206,17.962466487935657,25.737265415549597,19.302949061662197,6.702412868632708
SkyWest Airlines (OO),HSV,"Huntsville, AL",105,62.86666666666667,34.285714285714285,0.9523809523809524,11.428571428571429,6.666666666666667
United Airlines (UA),IAH,"Houston, TX",4204,145.08777354900096,1.0704091341579447,13.487155090390104,12.654614652711704,6.660323501427213
Delta Air Lines (DL),JFK,"New York, NY",1154,87.7261698440208,0.6065857885615251,3.3795493934142113,10.918544194107453,6.5857885615251295
Alaska Airlines (AS),BUR,"Burbank, CA",137,67.67153284671532,4.37956204379562,0.7299270072992701,7.2992700729927,6.569343065693431
Alaska Airlines (AS),PSP,"Palm Springs, CA",244,64.40573770491804,4.098360655737705,0.0,8.60655737704918,6.557377049180328
SkyWest Airlines (OO),SMF,"Sacramento, CA",550,56.56363636363636,40.18181818181818,0.7272727272727273,7.818181818181818,6.545454545454546
United Airlines (UA),JAX,"Jacksonville, FL",230,76.4608695652174,1.3043478260869565,1.3043478260869565,13.043478260869565,6.521739130434782
Southwest Airlines (WN),ALB,"Albany, NY",215,50.89767441860465,46.97674418604651,0.46511627906976744,8.837209302325581,6.511627906976744
United Airlines (UA),RDU,"Raleigh/Durham, NC",324,77.70061728395062,3.3950617283950617,3.0864197530864197,9.5679012345679,6.481481481481481
Delta Air Lines (DL),PIT,"Pittsburgh, PA",171,66.16374269005848,4.093567251461988,0.0,10.526315789473683,6.432748538011696
Delta Air Lines (DL),AVL,"Asheville, NC",78,52.15384615384615,20.51282051282051,0.0,7.6923076923076925,6.41025641025641
Delta Air Lines (DL),GSP,"Greer, SC",172,53.627906976744185,9.883720930232558,0.0,6.976744186046512,6.395348837209303
SkyWest Airlines (OO),BUR,"Burbank, CA",240,46.65,60.416666666666664,0.8333333333333334,9.166666666666666,6.25
Alaska Airlines (AS),DFW,"Dallas/Fort Worth, TX",129,83.78294573643412,0.0,0.0,9.30232558139535,6.2015503875969
Alaska Airlines (AS),AUS,"Austin, TX",81,70.93827160493827,0.0,0.0,7.4074074074074066,6.172839506172839
SkyWest Airlines (OO),RNO,"Reno, NV",227,50.731277533039645,34.801762114537446,0.0,11.45374449339207,6.167400881057269
American Airlines (AA),CLT,"Charlotte, NC",8216,103.8566212268744,1.6187925998052581,6.304771178188899,11.404576436222005,6.1587147030185
United Airlines (UA),TPA,"Tampa, FL",490,94.92448979591836,0.0,2.857142857142857,10.0,6.122448979591836
Delta Air Lines (DL),GEG,"Spokane, WA",99,66.18181818181819,1.0101010101010102,0.0,7.07070707070707,6.0606060606060606
SkyWest Airlines (OO),LAX,"Los Angeles, CA",2914,82.86993822923816,29.444063143445437,6.382978723404255,11.358956760466713,6.039807824296499
Alaska Airlines (AS),JNU,"Juneau, AK",265,54.158490566037734,24.150943396226417,0.0,7.9245283018867925,6.037735849056604
JetBlue Airways (B6),EWR,"Newark, NJ",249,107.96787148594377,0.0,13.654618473895583,14.457831325301203,6.024096385542169
United Airlines (UA),SEA,"Seattle, WA",383,101.97650130548303,1.0443864229765014,13.054830287206268,10.182767624020887,6.005221932114883
Republic Airways (YX),CVG,"Cincinnati, OH",268,52.791044776119406,38.80597014925373,0.3731343283582089,8.582089552238806,5.970149253731343
Republic Airways (YX),MKE,"Milwaukee, WI",168,55.666666666666664,30.357142857142854,0.0,7.738095238095238,5.952380952380952
SkyWest Airlines (OO),BIL,"Billings, MT",118,49.40677966101695,50.0,0.0,9.322033898305085,5.932203389830509
Delta Air Lines (DL),SEA,"Seattle, WA",2006,91.32751744765703,1.0967098703888334,3.788634097706879,10.817547357926221,5.88235294117647
Republic Airways (YX),MYR,"Myrtle Beach, SC",119,44.81512605042017,55.46218487394958,0.0,11.76470588235294,5.88235294117647
Delta Air Lines (DL),PSP,"Palm Springs, CA",120,73.59166666666667,3.3333333333333335,2.5,9.166666666666666,5.833333333333333
United Airlines (UA),RSW,"Fort Myers, FL",419,82.46778042959427,0.7159904534606205,1.1933174224343674,11.455847255369928,5.727923627684964
Republic Airways (YX),MSP,"Minneapolis, MN",88,55.88636363636363,32.95454545454545,1.1363636363636365,10.227272727272728,5.681818181818182
United Airlines (UA),BWI,"Baltimore, MD",213,89.16901408450704,1.8779342723004695,2.8169014084507045,13.615023474178404,5.633802816901409
Alaska Airlines (AS),JFK,"New York, NY",162,77.04320987654322,0.0,1.8518518518518516,6.790123456790123,5.555555555555555
SkyWest Airlines (OO),ONT,"Ontario, CA",144,42.36805555555556,62.5,0.0,9.722222222222223,5.555555555555555
SkyWest Airlines (OO),SEA,"Seattle, WA",1960,87.32295918367348,24.081632653061224,9.489795918367347,10.918367346938776,5.510204081632653
Southwest Airlines (WN),ITO,"Hilo, HI",128,64.796875,21.09375,0.0,8.59375,5.46875
SkyWest Airlines (OO),SJC,"San Jose, CA",404,48.618811881188115,47.524752475247524,0.24752475247524752,7.425742574257425,5.445544554455446
Delta Air Lines (DL),SMF,"Sacramento, CA",166,80.48795180722891,6.024096385542169,3.614457831325301,8.433734939759036,5.421686746987952
SkyWest Airlines (OO),PDX,"Portland, OR",771,65.92736705577173,23.73540856031128,1.4267185473411155,8.430609597924773,5.317769130998703
Delta Air Lines (DL),PVD,"Providence, RI",76,60.48684210526316,9.210526315789473,0.0,10.526315789473683,5.263157894736842
Delta Air Lines (DL),ATL,"Atlanta, GA",16613,107.66140973936074,1.2038764822729187,6.543068681153313,9.51062420995606,5.212785168241738
United Airlines (UA),HNL,"Honolulu, HI",288,154.89930555555554,0.0,26.73611111111111,21.180555555555554,5.208333333333334
Republic Airways (YX),PHL,"Philadelphia, PA",539,72.34508348794063,17.439703153988866,1.2987012987012987,10.204081632653061,5.194805194805195
Allegiant Air (G4),PIA,"Peoria, IL",77,53.63636363636363,15.584415584415584,0.0,5.194805194805195,5.194805194805195
Republic Airways (YX),XNA,"Fayetteville, AR",77,48.64935064935065,41.55844155844156,0.0,9.090909090909092,5.194805194805195
United Airlines (UA),CLE,"Cleveland, OH",314,84.9267515923567,2.8662420382165608,5.414012738853503,8.280254777070063,5.095541401273886
Delta Air Lines (DL),DTW,"Detroit, MI",3823,92.47998953701281,1.4125032696834947,5.493068270991368,10.044467695527073,4.891446507978028
United Airlines (UA),KOA,"Kona, HI",144,131.10416666666666,0.0,28.47222222222222,13.88888888888889,4.861111111111112
Alaska Airlines (AS),PDX,"Portland, OR",1111,83.43474347434743,0.27002700270027,2.07020702070207,7.380738073807381,4.86048604860486
Alaska Airlines (AS),EWR,"Newark, NJ",166,83.73493975903614,0.0,1.2048192771084338,5.421686746987952,4.819277108433735
Alaska Airlines (AS),SEA,"Seattle, WA",4516,89.82993799822852,0.1550044286979628,3.077945084145261,9.809565987599646,4.760850310008857
Delta Air Lines (DL),MSP,"Minneapolis, MN",3722,97.80333154218162,0.9940891993551854,6.018269747447609,9.99462654486835,4.728640515851692
Delta Air Lines (DL),SLC,"Salt Lake City, UT",3822,97.61957090528519,1.465201465201465,7.116692830978545,10.125588697017267,4.657247514390372
Alaska Airlines (AS),FAI,"Fairbanks, AK",195,57.9025641025641,14.871794871794872,0.5128205128205128,5.641025641025641,4.615384615384616
United Airlines (UA),LAX,"Los Angeles, CA",1693,113.87182516243355,0.6497341996455995,9.15534554046072,11.813349084465447,4.607206142941524
United Airlines (UA),SMF,"Sacramento, CA",174,95.27011494252874,1.1494252873563218,4.597701149425287,14.942528735632186,4.597701149425287
Southwest Airlines (WN),HNL,"Honolulu, HI",901,97.69811320754717,6.548279689234185,11.431742508324085,10.099889012208656,4.550499445061043
Southwest Airlines (WN),GSP,"Greer, SC",89,48.146067415730336,31.46067415730337,0.0,5.617977528089887,4.49438202247191
Republic Airways (YX),CLT,"Charlotte, NC",181,67.67955801104972,22.099447513812155,2.209944751381215,8.287292817679557,4.41988950276243
Republic Airways (YX),EWR,"Newark, NJ",1587,79.8947700063012,15.879017013232513,3.5916824196597354,10.396975425330812,4.410838059231255
Envoy Air (MQ),CLT,"Charlotte, NC",477,96.9622641509434,9.643605870020965,5.031446540880504,8.59538784067086,4.40251572327044
Southwest Airlines (WN),LIH,"Lihue, HI",206,137.40776699029126,9.70873786407767,27.184466019417474,20.388349514563107,4.368932038834951
United Airlines (UA),PIT,"Pittsburgh, PA",257,77.72762645914396,4.280155642023346,1.1673151750972763,10.505836575875486,4.280155642023346
Alaska Airlines (AS),ANC,"Anchorage, AK",634,104.99842271293376,3.3123028391167195,11.35646687697161,8.832807570977918,4.100946372239748
Envoy Air (MQ),MIA,"Miami, FL",949,236.66280295047417,12.539515279241305,42.571127502634354,11.907270811380402,3.8988408851422554
United Airlines (UA),OGG,"Kahului, HI",182,177.43406593406593,0.0,45.604395604395606,16.483516483516482,3.8461538461538463
SkyWest Airlines (OO),SLC,"Salt Lake City, UT",2563,87.7140070230199,20.405774483027702,7.491221225126804,7.179087007413187,3.823644166991806
United Airlines (UA),DEN,"Denver, CO",6621,100.01389518199667,1.0270351910587525,4.500830690228062,9.575592810753662,3.7758646730101195
United Airlines (UA),EWR,"Newark, NJ",3245,104.6,1.263482280431433,5.546995377503852,8.073959938366718,3.7596302003081665
Envoy Air (MQ),PHX,"Phoenix, AZ",745,115.29127516778523,19.328859060402685,15.704697986577182,8.724832214765101,3.7583892617449663
Alaska Airlines (AS),PAE,"Everett, WA",81,69.55555555555556,0.0,0.0,7.4074074074074066,3.7037037037037033
United Airlines (UA),IAD,"Washington, DC",2193,100.3077975376197,1.5047879616963065,3.9671682626538987,7.7975376196990425,3.283173734610123
Alaska Airlines (AS),SMF,"Sacramento, CA",146,77.94520547945206,6.164383561643835,7.534246575342466,4.794520547945205,2.73972602739726
Delta Air Lines (DL),SJC,"San Jose, CA",192,68.92708333333333,10.416666666666668,0.0,10.9375,2.604166666666667
Delta Air Lines (DL),OGG,"Kahului, HI",118,202.79661016949152,0.0,50.0,12.711864406779661,2.5423728813559325
Republic Airways (YX),IAD,"Washington, DC",249,66.09236947791165,14.457831325301203,1.2048192771084338,5.220883534136546,2.4096385542168677
Southwest Airlines (WN),KOA,"Kona, HI",175,118.25714285714285,8.0,18.857142857142858,18.857142857142858,2.2857142857142856
United Airlines (UA),LIH,"Lihue, HI",111,131.88288288288288,0.0,30.630630630630627,15.315315315315313,0.9009009009009009
